Time,URL
2024-01-25 17:27:50,https://nwm.iitk.ac.in/?_task=login&_err=session
2024-01-18 18:20:45,https://docs.google.com/forms/d/e/1FAIpQLSeyLWkYwRGPTQ2S-Fqjq5-6NxSMFYZfvVZaOFXLenBdt8QI9A/closedform
2024-01-18 18:20:44,https://docs.google.com/forms/d/e/1FAIpQLSeyLWkYwRGPTQ2S-Fqjq5-6NxSMFYZfvVZaOFXLenBdt8QI9A/viewform?usp=send_form
2024-01-18 18:20:44,https://docs.google.com/forms/u/0/d/e/1FAIpQLSeyLWkYwRGPTQ2S-Fqjq5-6NxSMFYZfvVZaOFXLenBdt8QI9A/closedform
2024-01-18 18:20:26,https://nwm.iitk.ac.in/?_task=mail&_caps=pdf%3D0%2Cflash%3D0%2Ctiff%3D0%2Cwebp%3D1%2Cpgpmime%3D0&_uid=215981&_mbox=INBOX&_framed=1&_search=b82a76a81b8a42c9d5989b443cece88f&_action=preview
2023-11-04 09:01:54,https://teachersbadi.in/udise-plus/
2023-11-04 09:01:11,https://udiseplus.gov.in/#/page/dcfdownload
2023-11-04 08:55:28,https://sdms.udiseplus.gov.in/api/v1/login#/sdmslogin/136
2023-11-04 08:55:25,https://sdms.udiseplus.gov.in/#/unauthorized?error=Your%20school%20is%20not%20boarded%20on%20SDMS%20platform
2023-11-04 08:55:25,https://sdms.udiseplus.gov.in/#/home
2023-11-04 08:55:22,http://sdms.udiseplus.gov.in/api/
2023-11-04 08:55:22,https://sdms.udiseplus.gov.in/api/
2023-11-04 08:54:59,https://sdms.udiseplus.gov.in/api/#/sdmslogin/136
2023-11-04 08:54:59,http://sdms.udiseplus.gov.in/api/v1/login#/sdmslogin/136
2023-11-04 08:50:13,https://www.cse.iitk.ac.in/pages/MinorCourses_ML-AI.html
2023-11-04 08:50:06,https://www.cse.iitk.ac.in/pages/CS365.html
2023-11-04 08:49:28,https://www.cse.iitk.ac.in/pages/MinorPrograms.html
2023-11-04 08:39:18,https://www.cse.iitk.ac.in/pages/PreviousCourseTimetable.html
2023-11-04 08:39:12,https://www.cse.iitk.ac.in/pages/NextCourseTimetable.html
2023-11-04 08:38:58,https://www.cse.iitk.ac.in/pages/StudentsInCSE.html
2023-11-04 08:31:29,https://github.com/valayash/Courses/tree/main/SEM%203/MTH301
2023-11-04 08:31:23,https://incog-nahito.github.io/grades/faculty/
2023-11-04 08:25:56,https://incog-nahito.github.io/grades/?year=2017-18&sem=1&cno=MTH613A
2023-11-04 08:25:47,https://nwm.iitk.ac.in/?_task=mail&_caps=pdf%3D1%2Cflash%3D0%2Ctiff%3D0%2Cwebp%3D1&_uid=184418&_mbox=INBOX&_framed=1&_action=preview
2023-11-04 08:25:43,https://nwm.iitk.ac.in/?_task=mail&_caps=pdf%3D1%2Cflash%3D0%2Ctiff%3D0%2Cwebp%3D1&_uid=184419&_mbox=INBOX&_framed=1&_action=preview
2023-11-04 08:25:38,https://nwm.iitk.ac.in/?_task=mail&_caps=pdf%3D1%2Cflash%3D0%2Ctiff%3D0%2Cwebp%3D1&_uid=184420&_mbox=INBOX&_framed=1&_action=preview
2023-11-04 08:25:29,https://nwm.iitk.ac.in/?_task=mail&_caps=pdf%3D1%2Cflash%3D0%2Ctiff%3D0%2Cwebp%3D1&_uid=184422&_mbox=INBOX&_framed=1&_action=preview
2023-11-04 08:25:23,https://nwm.iitk.ac.in/?_task=mail&_caps=pdf%3D1%2Cflash%3D0%2Ctiff%3D0%2Cwebp%3D1&_uid=184424&_mbox=INBOX&_framed=1&_action=preview
2023-11-04 08:25:14,https://nwm.iitk.ac.in/?_task=mail&_caps=pdf%3D1%2Cflash%3D0%2Ctiff%3D0%2Cwebp%3D1&_uid=184439&_mbox=INBOX&_framed=1&_action=preview
2023-11-04 08:24:36,https://nwm.iitk.ac.in/?_task=mail&_caps=pdf%3D1%2Cflash%3D0%2Ctiff%3D0%2Cwebp%3D1&_uid=184438&_mbox=INBOX&_framed=1&_action=preview
2023-11-04 08:23:03,https://nwm.iitk.ac.in/?_task=mail&_caps=pdf%3D1%2Cflash%3D0%2Ctiff%3D0%2Cwebp%3D1&_uid=184435&_mbox=INBOX&_framed=1&_action=preview
2023-11-04 08:22:16,https://www.iitk.ac.in/doaa/data/Course-Template-B.Tech-BS.pdf
2023-11-04 08:22:10,https://nwm.iitk.ac.in/?_task=mail&_caps=pdf%3D1%2Cflash%3D0%2Ctiff%3D0%2Cwebp%3D1&_uid=184433&_mbox=INBOX&_framed=1&_action=preview
2023-11-04 08:22:07,https://nwm.iitk.ac.in/?_task=mail&_caps=pdf%3D1%2Cflash%3D0%2Ctiff%3D0%2Cwebp%3D1&_uid=184432&_mbox=INBOX&_framed=1&_action=preview
2023-11-04 08:22:05,https://nwm.iitk.ac.in/?_task=mail&_caps=pdf%3D1%2Cflash%3D0%2Ctiff%3D0%2Cwebp%3D1&_uid=184430&_mbox=INBOX&_framed=1&_action=preview
2023-11-04 08:22:01,https://nwm.iitk.ac.in/?_task=mail&_token=4eaArjRVINcPEFDBCQCbCPpij41vELds
2023-11-04 08:21:06,https://iitk-resources.github.io/contact/
2023-11-04 08:20:30,https://vinaypn.github.io/
2023-11-04 08:18:25,https://drive.google.com/drive/folders/1fgJ4iiu11AlOmD2i7__wVkBc5nXz60ZI
2023-11-04 08:16:52,https://www.iitk.ac.in/ee/b-tech
2023-11-04 07:17:16,https://www.crunchbase.com/organization/pingala-software
2023-11-04 07:17:14,https://www.crunchbase.com/organization/pingala-software/org_similarity_overview
2023-11-04 06:33:58,https://www.google.com/search?q=udise+plus&oq=&aqs=chrome.0.35i39i362l15j0i3i66i143i308i362l4j46i3i143i308i362.-1j0j7&client=tablet-android-lenovo&sourceid=chrome-mobile&ie=UTF-8#ip=1
2023-11-04 06:33:54,https://www.google.com/search?q=udise+plus&oq=&aqs=chrome.0.35i39i362l15j0i3i66i143i308i362l4j46i3i143i308i362.-1j0j7&client=tablet-android-lenovo&sourceid=chrome-mobile&ie=UTF-8
2023-11-04 06:33:11,https://sdms.udiseplus.gov.in/p1/v1/login?error=Incorrect%20Username%20or%20Password
2023-11-04 06:33:02,https://sdms.udiseplus.gov.in/p1/v1/login?error=Invalid%20Captcha
2023-11-04 05:56:21,https://www.google.com/search?q=sspc&rlz=1C1VDKB_enIN1049IN1049&oq=sspc&gs_lcrp=EgZjaHJvbWUqCwgAEEUYJxg7GIoFMgsIABBFGCcYOxiKBTIGCAEQRRhAMgsIAhBFGCcYOxiKBTIHCAMQABiABDITCAQQLhiDARjHARixAxjRAxiABDIGCAUQRRg8MgYIBhBFGDwyBggHEEUYPNIBCDIzNjFqMGo3qAIAsAIA&sourceid=chrome&ie=UTF-8
2023-11-03 23:05:53,https://udiseplus.gov.in/#/page/oldlink
2023-11-03 23:05:51,https://sdms.udiseplus.gov.in/g2/#/sdmslogin/136
2023-11-03 23:05:50,https://sdms.udiseplus.gov.in/p2/v1/login
2023-11-03 23:05:50,https://sdms.udiseplus.gov.in/g2/#/home
2023-11-03 23:05:49,https://sdms.udiseplus.gov.in/g2/#/school/5434765/schoolDashboard/cy
2023-11-03 23:05:49,https://sdms.udiseplus.gov.in/g2/#/mainLoader
2023-11-03 23:05:13,https://sdms.udiseplus.gov.in/g2/#/school/5434765/viewStudentDetails/cy/5
2023-11-03 23:05:02,https://sdms.udiseplus.gov.in/g2/#/school/5434765/editStudent-cy/5/2/1245470021?formId=3&formEditFlag=1
2023-11-03 23:04:59,https://sdms.udiseplus.gov.in/g2/#/school/5434765/editStudent-cy/5/2/1242849297?formId=1&formEditFlag=1
2023-11-03 23:04:47,https://sdms.udiseplus.gov.in/g2/#/school/5434765/editStudent-cy/5/2/1246190064?formId=1&formEditFlag=1
2023-11-03 23:00:15,http://sdms.udiseplus.gov.in/p2/
2023-11-03 23:00:15,https://sdms.udiseplus.gov.in/p2/
2023-11-03 22:59:44,http://sdms.udiseplus.gov.in/p2/v1/login
2023-11-03 21:44:01,https://www.google.com/search?q=movierulz&rlz=1C1VDKB_enIN1049IN1049&oq=movieru&gs_lcrp=EgZjaHJvbWUqCQgAECMYJxiKBTIJCAAQIxgnGIoFMgYIARBFGDkyBwgCEAAYgAQyBwgDEAAYgAQyBwgEEAAYgAQyBwgFEAAYgAQyBwgGEAAYgAQyBwgHEAAYgAQyBwgIEAAYgAQyBwgJEAAYgASoAgCwAgA&sourceid=chrome&ie=UTF-8
2023-11-03 21:43:33,https://accounts.google.com/AddSession?hl=en&continue=https://www.google.com%3Fhl%3Den-US&ec=GAlA8wE
2023-11-03 21:43:33,https://accounts.google.com/v3/signin/identifier?continue=https%3A%2F%2Fwww.google.com%3Fhl%3Den-US&ec=GAlA8wE&hl=en&flowName=GlifWebSignIn&flowEntry=AddSession&dsh=S336296875%3A1699047813342261&theme=glif
2023-11-03 21:17:54,https://www.google.com/search?sca_esv=579280459&rlz=1C1VDKB_enIN1049IN1049&sxsrf=AM9HkKl-EAchayjbRIQm8c1P3ThfQ8sunQ:1699046259347&q=oppourtunity&nfpr=1&sa=X&ved=2ahUKEwjc6_rF4KiCAxVu2DgGHan0AB8QvgUoAXoECAgQAg&biw=1536&bih=739&dpr=1.25
2023-11-03 21:17:40,https://www.google.com/search?q=oppourtunity&rlz=1C1VDKB_enIN1049IN1049&oq=oppourtunity&gs_lcrp=EgZjaHJvbWUyBggAEEUYOTIMCAEQABgKGLEDGIAEMg8IAhAAGAoYgwEYsQMYgAQyDAgDEAAYChixAxiABDIPCAQQABgKGIMBGLEDGIAEMgwIBRAAGAoYsQMYgAQyDwgGEAAYChiDARixAxiABDIJCAcQABgKGIAEMgwICBAAGAoYsQMYgAQyCQgJEAAYChiABNIBCDc4MzhqMGo3qAIAsAIA&sourceid=chrome&ie=UTF-8
2023-11-03 19:05:19,https://vipular.github.io/stuff/2022_DSA
2023-11-03 19:05:16,https://www.google.com/search?q=EE798b+IITK&sca_esv=579237292&rlz=1C1VDKB_enIN1049IN1049&sxsrf=AM9HkKlCeTBx_H9hlh6uQ1ZdY_CxoYQl5A%3A1699038303131&ei=X0RFZa3bB9eW4-EPgbS40AU&ved=0ahUKEwjthpL0wqiCAxVXyzgGHQEaDloQ4dUDCBA&uact=5&oq=EE798b+IITK&gs_lp=Egxnd3Mtd2l6LXNlcnAiC0VFNzk4YiBJSVRLMgUQABiiBDIFEAAYogQyBRAAGKIEMgUQABiiBDIFEAAYogRIhAdQqwVYqwVwAXgAkAEAmAG1AaABtQGqAQMwLjG4AQPIAQD4AQHCAggQABiiBBiwA-IDBBgBIEGIBgGQBgQ&sclient=gws-wiz-serp
2023-11-03 19:05:10,https://hello.iitk.ac.in/course/ee798b22
2023-11-03 19:05:03,https://www.google.com/search?q=EE798+IITK&rlz=1C1VDKB_enIN1049IN1049&oq=EE798+IITK&gs_lcrp=EgZjaHJvbWUyBggAEEUYOTIHCAEQIRigATIHCAIQIRigATIHCAMQIRigAdIBCDMwNThqMGo3qAIAsAIA&sourceid=chrome&ie=UTF-8
2023-11-03 18:18:45,http://pkklib.iitk.ac.in/
2023-11-03 18:18:45,https://pkklib.iitk.ac.in/
2023-11-03 18:18:22,https://iitk.ac.in/eco/career-prospects-placements
2023-11-03 18:18:12,https://iitk.ac.in/eco/search-result?searchword=ECO714&searchphrase=all
2023-11-03 18:17:09,https://www.google.com/search?q=ECO714+iitk&sca_esv=579212778&rlz=1C1VDKB_enIN1049IN1049&sxsrf=AM9HkKlg58YpyZ0jo7XfdeX85pfpnre7Og%3A1699035422032&ei=HjlFZafJAff3seMPvL-7gAI&ved=0ahUKEwin0KmWuKiCAxX3e2wGHbzfDiAQ4dUDCBA&uact=5&oq=ECO714+iitk&gs_lp=Egxnd3Mtd2l6LXNlcnAiC0VDTzcxNCBpaXRrMgcQIRigARgKMgcQIRigARgKSIcVUIwDWOALcAF4AZABAJgBuwOgAf0JqgEJMC4yLjIuMC4xuAEDyAEA-AEBwgIKEAAYRxjWBBiwA8ICBRAAGKIEwgIFECEYoAHiAwQYACBBiAYBkAYC&sclient=gws-wiz-serp
2023-11-03 18:17:02,https://www.google.com/search?q=ECO714&rlz=1C1VDKB_enIN1049IN1049&oq=ECO714&gs_lcrp=EgZjaHJvbWUyBggAEEUYOdIBCDMxNjNqMGo3qAIAsAIA&sourceid=chrome&ie=UTF-8
2023-11-03 17:52:06,https://docs.google.com/spreadsheets/d/1U0TWmWfYPKCslai_5TtuT7IlzdGV3gzOw2VrxtAK9ng/edit#gid=1147110239
2023-11-03 17:52:06,https://docs.google.com/spreadsheets/d/1U0TWmWfYPKCslai_5TtuT7IlzdGV3gzOw2VrxtAK9ng/edit
2023-11-03 17:52:06,https://docs.google.com/spreadsheets/d/1U0TWmWfYPKCslai_5TtuT7IlzdGV3gzOw2VrxtAK9ng/edit?usp=sharing
2023-11-03 17:51:57,https://nwm.iitk.ac.in/?_task=mail&_caps=pdf%3D1%2Cflash%3D0%2Ctiff%3D0%2Cwebp%3D1&_uid=184316&_mbox=INBOX&_framed=1&_search=68f3f8330b0bf5021c42db22e43a2d78&_action=preview
2023-11-03 17:51:47,https://nwm.iitk.ac.in/?_task=mail&_token=Tf12x3UrpjM4vAPRGbDKMPV4rHRXU3wV
2023-11-03 17:43:42,https://www.iitk.ac.in/ee/data/Dept_courses_list_19-10-23.pdf
2023-11-03 17:41:47,https://www.iitk.ac.in/ee/admissions
2023-11-03 17:41:34,https://www.youtube.com/watch?v=6ywwfAoRV_U&list=PLFW6lRTa1g829epNHKEjb9KdHd2uUtW83&index=5
2023-11-03 17:41:34,https://www.youtube.com/watch?v=CXF3z8xdIeo&list=PLFW6lRTa1g829epNHKEjb9KdHd2uUtW83
2023-11-03 17:41:15,https://www.youtube.com/watch?v=CXF3z8xdIeo&list=PLFW6lRTa1g829epNHKEjb9KdHd2uUtW83&ab_channel=IITKanpurJuly2018
2023-11-03 17:39:59,https://www.iitk.ac.in/mwn/MLDL/registration.html
2023-11-03 17:39:56,http://www.iitk.ac.in/mwn/MLDL/docs/python_screenshot_Gaussian.png
2023-11-03 17:39:56,https://www.iitk.ac.in/mwn/MLDL/docs/python_screenshot_Gaussian.png
2023-11-03 17:37:36,https://www.iitk.ac.in/mwn/MLDL/index.html
2023-11-03 17:36:57,https://www.google.com/search?q=electrical+engineering+iitk&sca_esv=579179295&rlz=1C1VDKB_enIN1049IN1049&sxsrf=AM9HkKmojU_Tk-M7rR16ob_5ZpygzBZgUw%3A1699033012194&ei=tC9FZZisC-3dseMP47Mn&ved=0ahUKEwiY1pyZr6iCAxXtbmwGHePZCQAQ4dUDCBA&uact=5&oq=electrical+engineering+iitk&gs_lp=Egxnd3Mtd2l6LXNlcnAiG2VsZWN0cmljYWwgZW5naW5lZXJpbmcgaWl0azIFEAAYgAQyBRAAGIAEMggQABiKBRiGAzIIEAAYigUYhgMyCBAAGIoFGIYDMggQABiKBRiGA0j2FVC7CFjWEHABeAGQAQCYAagBoAGABqoBAzAuNbgBA8gBAPgBAcICChAAGEcY1gQYsAPCAgoQABiKBRiwAxhDwgIHEAAYigUYQ8ICChAAGIoFGLEDGEPCAggQABiKBRiRAsICCxAuGIAEGMcBGK8B4gMEGAAgQYgGAZAGCg&sclient=gws-wiz-serp
2023-11-03 17:36:53,https://www.google.com/search?q=electrical+engineering&rlz=1C1VDKB_enIN1049IN1049&oq=electrical&gs_lcrp=EgZjaHJvbWUqCggBEAAYsQMYgAQyDAgAEEUYORixAxiABDIKCAEQABixAxiABDIKCAIQABixAxiABDIHCAMQABiABDINCAQQABiDARixAxiKBTINCAUQABiDARixAxiABDINCAYQABixAxjJAxiABDIGCAcQRRhB0gEJMTY3NTlqMGo3qAIAsAIA&sourceid=chrome&ie=UTF-8
2023-11-03 17:35:53,https://docs.google.com/spreadsheets/d/14FJ3rGRQ5c-gIfAQPSYjwBGarI9L6AdmSJeaGiEU_NM/edit#gid=1335861965
2023-11-03 17:35:31,https://docs.google.com/spreadsheets/d/14FJ3rGRQ5c-gIfAQPSYjwBGarI9L6AdmSJeaGiEU_NM/edit#gid=1301400720
2023-11-03 17:35:16,https://docs.google.com/spreadsheets/d/14FJ3rGRQ5c-gIfAQPSYjwBGarI9L6AdmSJeaGiEU_NM/edit#gid=1614983874
2023-11-03 17:34:10,https://docs.google.com/spreadsheets/d/14FJ3rGRQ5c-gIfAQPSYjwBGarI9L6AdmSJeaGiEU_NM/edit#gid=1855623441
2023-11-03 17:34:00,https://docs.google.com/spreadsheets/d/14FJ3rGRQ5c-gIfAQPSYjwBGarI9L6AdmSJeaGiEU_NM/edit#gid=1506064927
2023-11-03 17:32:46,https://docs.google.com/spreadsheets/d/14FJ3rGRQ5c-gIfAQPSYjwBGarI9L6AdmSJeaGiEU_NM/edit#gid=1478475533
2023-11-03 17:31:00,https://docs.google.com/spreadsheets/d/14FJ3rGRQ5c-gIfAQPSYjwBGarI9L6AdmSJeaGiEU_NM/edit#gid=665264874
2023-11-03 17:29:05,https://docs.google.com/spreadsheets/d/14FJ3rGRQ5c-gIfAQPSYjwBGarI9L6AdmSJeaGiEU_NM/edit#gid=240169201
2023-11-03 17:28:40,https://docs.google.com/spreadsheets/d/14FJ3rGRQ5c-gIfAQPSYjwBGarI9L6AdmSJeaGiEU_NM/edit#gid=1409234037
2023-11-03 17:28:24,https://docs.google.com/spreadsheets/d/14FJ3rGRQ5c-gIfAQPSYjwBGarI9L6AdmSJeaGiEU_NM/edit#gid=1678884335
2023-11-03 17:27:15,https://docs.google.com/spreadsheets/d/14FJ3rGRQ5c-gIfAQPSYjwBGarI9L6AdmSJeaGiEU_NM/edit#gid=1707710069
2023-11-03 17:27:02,https://docs.google.com/spreadsheets/d/14FJ3rGRQ5c-gIfAQPSYjwBGarI9L6AdmSJeaGiEU_NM/edit#gid=45812081
2023-11-03 17:26:27,https://docs.google.com/spreadsheets/d/14FJ3rGRQ5c-gIfAQPSYjwBGarI9L6AdmSJeaGiEU_NM/edit#gid=1363945273
2023-11-03 17:26:13,https://docs.google.com/spreadsheets/d/14FJ3rGRQ5c-gIfAQPSYjwBGarI9L6AdmSJeaGiEU_NM/edit#gid=1059814048
2023-11-03 17:25:38,https://docs.google.com/spreadsheets/d/14FJ3rGRQ5c-gIfAQPSYjwBGarI9L6AdmSJeaGiEU_NM/edit#gid=672763459
2023-11-03 17:25:28,https://docs.google.com/spreadsheets/d/14FJ3rGRQ5c-gIfAQPSYjwBGarI9L6AdmSJeaGiEU_NM/edit#gid=816762027
2023-11-03 17:25:26,https://docs.google.com/spreadsheets/d/14FJ3rGRQ5c-gIfAQPSYjwBGarI9L6AdmSJeaGiEU_NM/edit#gid=1666206583
2023-11-03 17:25:23,https://docs.google.com/spreadsheets/d/14FJ3rGRQ5c-gIfAQPSYjwBGarI9L6AdmSJeaGiEU_NM/edit#gid=1561283330
2023-11-03 17:25:13,https://docs.google.com/spreadsheets/d/14FJ3rGRQ5c-gIfAQPSYjwBGarI9L6AdmSJeaGiEU_NM/edit#gid=1430927125
2023-11-03 17:24:23,https://docs.google.com/spreadsheets/d/14FJ3rGRQ5c-gIfAQPSYjwBGarI9L6AdmSJeaGiEU_NM/edit#gid=2031393858
2023-11-03 17:24:00,https://docs.google.com/spreadsheets/d/14FJ3rGRQ5c-gIfAQPSYjwBGarI9L6AdmSJeaGiEU_NM/edit#gid=268841183
2023-11-03 17:22:21,https://docs.google.com/spreadsheets/d/14FJ3rGRQ5c-gIfAQPSYjwBGarI9L6AdmSJeaGiEU_NM/edit#gid=0
2023-11-03 17:22:20,https://docs.google.com/spreadsheets/d/14FJ3rGRQ5c-gIfAQPSYjwBGarI9L6AdmSJeaGiEU_NM/edit
2023-11-03 17:22:20,https://docs.google.com/spreadsheets/d/14FJ3rGRQ5c-gIfAQPSYjwBGarI9L6AdmSJeaGiEU_NM/edit?usp=sharing
2023-11-03 16:00:20,https://www.google.com/search?q=sspc&rlz=1C1VDKB_enIN1049IN1049&oq=sspc&gs_lcrp=EgZjaHJvbWUqCwgAEEUYJxg7GIoFMgsIABBFGCcYOxiKBTIGCAEQRRg7MgkIAhAAGEMYigUyEwgDEC4YgwEYxwEYsQMY0QMYgAQyBwgEEAAYgAQyDAgFEAAYChjJAxiABDIGCAYQRRg8MgYIBxBFGDzSAQgxNjU4ajBqN6gCALACAA&sourceid=chrome&ie=UTF-8
2023-11-03 15:55:26,https://www.cse.iitk.ac.in/pages/BTech2022_Person.html
2023-11-03 15:54:26,https://www.cse.iitk.ac.in/pages/Staff.html
2023-11-03 15:51:41,https://www.cse.iitk.ac.in/pages/Engineers.html
2023-11-03 15:51:21,https://www.cse.iitk.ac.in/pages/PostDocs.html
2023-11-03 15:51:04,https://www.cse.iitk.ac.in/users/ajain/
2023-11-03 15:49:18,http://vinaypn.github.io/
2023-11-03 15:49:18,https://www.cse.iitk.ac.in/users/vinaypn/
2023-11-03 15:48:33,https://sites.google.com/view/shashank
2023-11-03 15:48:32,https://www.cse.iitk.ac.in/users/shashanks/
2023-11-03 15:46:47,https://www.cse.iitk.ac.in/pages/ContactUs.html
2023-11-03 15:46:29,https://www.cse.iitk.ac.in/pages/HowToReach.html
2023-11-03 15:46:18,https://www.cse.iitk.ac.in/pages/DepartmentNewsletters.html
2023-11-03 15:46:06,https://www.cse.iitk.ac.in/pages/AboutTheDepartment.html
2023-11-03 15:44:19,https://www.google.com/search?gs_ssp=eJzj4tFP1zcsNE0qN463qDRgtFI1qDC2tEw2NjcwMkpMSkxOSjS2MqiwME4xSzYwt0g1TTY0sTBP8-JILk5VyMwsyQYAMYASCA&q=cse+iitk&rlz=1C1VDKB_enIN1049IN1049&oq=CSE&gs_lcrp=EgZjaHJvbWUqEggBEC4YQxivARjHARiKBRiOBTIMCAAQRRg5GLEDGIAEMhIIARAuGEMYrwEYxwEYigUYjgUyCQgCEAAYQxiKBTIJCAMQABhDGIoFMgYIBBBFGDwyBggFEEUYPDIGCAYQRRg8MgYIBxBFGDzSAQgyOTg4ajBqN6gCALACAA&sourceid=chrome&ie=UTF-8
2023-11-03 15:43:55,https://www.cse.iitk.ac.in/pages/AdmissionBTech.html
2023-11-03 15:42:39,https://surge.iitk.ac.in/about.html
2023-11-03 15:42:23,http://surge.iitk.ac.in/
2023-11-03 15:42:22,http://www.iitk.ac.in/surge/
2023-11-03 15:42:22,https://www.iitk.ac.in/surge/
2023-11-03 15:41:58,http://172.26.142.68/examscheduler
2023-11-03 15:40:29,https://www.cse.iitk.ac.in/pages/ResearchAreas.html
2023-11-03 15:40:16,https://www.cse.iitk.ac.in/pages/CS210.html
2023-11-03 15:40:11,https://www.google.com/search?q=cs210+iitk&rlz=1C1VDKB_enIN1049IN1049&oq=CS210&gs_lcrp=EgZjaHJvbWUqCQgBEAAYQxiKBTILCAAQRRg5GEMYigUyCQgBEAAYQxiKBTIHCAIQABiABDIHCAMQABiABDIHCAQQABiABDIHCAUQABiABDIHCAYQABiABDIHCAcQABiABDIHCAgQABiABDIHCAkQABiABNIBCDMxMjJqMGo3qAIAsAIA&sourceid=chrome&ie=UTF-8
2023-11-03 15:33:40,https://www.google.com/search?q=mathematics+and+statistics+iitk&sca_esv=579097243&rlz=1C1VDKB_enIN1049IN1049&sxsrf=AM9HkKmH0WniI8wwZvsZ6LFkdWPd62Q-9A%3A1699002182452&ei=RrdEZcWeG9CeseMPkZqE0As&oq=mat&gs_lp=Egxnd3Mtd2l6LXNlcnAiA21hdCoCCAEyBxAjGIoFGCcyBxAjGIoFGCcyBxAjGIoFGCcyDRAuGIoFGMcBGNEDGEMyCxAAGIAEGLEDGIMBMg0QABiKBRixAxiDARhDMgsQABiABBixAxiDATILEAAYgAQYsQMYgwEyCxAuGIoFGLEDGIMBMgsQABiABBixAxiDAUiKOFC3DVj4JnACeAGQAQSYAYUCoAH8DKoBBTAuNC40uAEByAEA-AEBqAIUwgIHECMYsAMYJ8ICChAAGEcY1gQYsAPCAhYQLhiKBRjHARjRAxjIAxiwAxhD2AEBwgIQEC4YigUYyAMYsAMYQ9gBAcICBRAAGIAEwgILEC4YgAQYxwEYrwHCAgcQIxjqAhgnwgIHEC4Y6gIYJ8ICFhAuGIoFGMcBGNEDGOoCGLQCGEPYAQLCAhAQABiKBRjqAhi0AhhD2AECwgIHEC4YigUYJ8ICBxAuGIoFGEPCAgcQABiKBRhDwgITEC4YigUYsQMYgwEYxwEY0QMYQ-IDBBgAIEGIBgGQBgy6BgQIARgIugYGCAIQARgB&sclient=gws-wiz-serp
2023-11-03 15:33:29,https://www.google.com/search?q=sbi+collect&rlz=1C1VDKB_enIN1049IN1049&oq=sbi+collect&gs_lcrp=EgZjaHJvbWUyDwgAEEUYORiDARixAxiABDIJCAEQIxgnGIoFMgwIAhAAGBQYhwIYgAQyDQgDEAAYgwEYsQMYgAQyBwgEEAAYgAQyCggFEAAYsQMYgAQyDQgGEAAYgwEYsQMYgAQyBwgHEAAYgAQyCggIEAAYsQMYgAQyDQgJEAAYgwEYsQMYgASoAgCwAgA&sourceid=chrome&ie=UTF-8
2023-11-03 15:00:45,https://sites.google.com/view/jhasom
2023-11-03 15:00:21,https://www.iitk.ac.in/new/somnath-jha
2023-11-03 14:22:00,https://pingala.iitk.ac.in/IITK-0/login?error
2023-11-03 13:34:31,https://www.google.com/search?q=maths+department+iitk&oq=math&gs_lcrp=EgZjaHJvbWUqCwgAEEUYJxg7GIoFMgsIABBFGCcYOxiKBTIGCAEQRRhBMgYIAhBFGDwyDAgDEEUYORixAxiABDIGCAQQRRg8MgYIBRBFGEEyBggGEEUYQTIJCAcQIxgnGIoFMgYICBBFGDsyCggJEAAYkQIYigXSAQgzMTc1ajBqN6gCALACAA&client=ms-android-oppo-rvo3&sourceid=chrome-mobile&ie=UTF-8
2023-11-03 12:57:09,https://www.google.com/search?q=pingala+iit+kanpur&oq=&gs_lcrp=EgZjaHJvbWUqCQgCECMYJxjqAjIJCAAQIxgnGOoCMgkIARAjGCcY6gIyCQgCECMYJxjqAjIJCAMQIxgnGOoCMgkIBBAjGCcY6gIyCQgFECMYJxjqAjIJCAYQIxgnGOoCMgkIBxAjGCcY6gIyCQgIECMYJxjqAjIJCAkQIxgnGOoCMgkIChAjGCcY6gIyCQgLECMYJxjqAjIJCAwQIxgnGOoCMgkIDRAjGCcY6gIyCQgOEC4YJxjqAjIPCA8QLhgDGI8BGLQCGOoCMhEIEBAAGAMYQhiPARi0AhjqAjIRCBEQABgDGEIYjwEYtAIY6gIyEQgSEAAYAxhCGI8BGLQCGOoCMhEIExAAGAMYQhiPARi0AhjqAtIBBi0xajBqN6gCFLACAQ&client=ms-android-oppo-rvo3&sourceid=chrome-mobile&ie=UTF-8
2023-11-03 12:47:33,https://chat.openai.com/c/f22d0a01-bfb4-4bf2-b257-d0977ed3a3f0
2023-11-03 12:47:08,https://www.google.com/search?q=chatgpt&oq=chatg&gs_lcrp=EgZjaHJvbWUqCQgBECMYJxiKBTIGCAAQRRg5MgkIARAjGCcYigUyBAgCEAUyDwgDEAAYQxiDARixAxiKBTIPCAQQABhDGIMBGLEDGIoFMgwIBRAAGEMYsQMYigUyCQgGEAAYChiABDIJCAcQABhDGIoFMgwICBAAGEMYsQMYigUyDQgJEAAYgwEYsQMYgATSAQgxODQ0ajBqN6gCALACAA&client=ms-android-oppo-rvo3&sourceid=chrome-mobile&ie=UTF-8
2023-11-03 12:42:47,https://passwords.google.com/?ep=1&rapt=AEjHL4NWLGBax7Z_AmzGoL5goxELnMNmL5i2DhD4AUpPl8Pi4JO_Yl1XY5NEalC1Hxdua12qz8UXex6TfDrpznl8F6rPcj-Pcw
2023-11-03 12:42:44,https://passwords.google.com/?ep=1&f.sid=7737793997165534864&rapt=AEjHL4NWLGBax7Z_AmzGoL5goxELnMNmL5i2DhD4AUpPl8Pi4JO_Yl1XY5NEalC1Hxdua12qz8UXex6TfDrpznl8F6rPcj-Pcw
2023-11-03 12:42:25,https://passwords.google.com/password/JAmHZNR6SN4wtcP4YTzvmVTeOPgLyQACBc52ipClWGk%3D?ep=1&pli=1&rapt=AEjHL4NWLGBax7Z_AmzGoL5goxELnMNmL5i2DhD4AUpPl8Pi4JO_Yl1XY5NEalC1Hxdua12qz8UXex6TfDrpznl8F6rPcj-Pcw
2023-11-03 12:42:25,https://passwords.google.com/password/JAmHZNR6SN4wtcP4YTzvmVTeOPgLyQACBc52ipClWGk%3D?ep=1&f.sid=7737793997165534864&pli=1&rapt=AEjHL4NWLGBax7Z_AmzGoL5goxELnMNmL5i2DhD4AUpPl8Pi4JO_Yl1XY5NEalC1Hxdua12qz8UXex6TfDrpznl8F6rPcj-Pcw
2023-11-03 12:42:24,https://passwords.google.com/accounts/SetOSID?authuser=0&continue=https%3A%2F%2Fpasswords.google.com%2Fpassword%2FJAmHZNR6SN4wtcP4YTzvmVTeOPgLyQACBc52ipClWGk%253D%3Fep%3D1%26f.sid%3D7737793997165534864%26pli%3D1%26rapt%3DAEjHL4NWLGBax7Z_AmzGoL5goxELnMNmL5i2DhD4AUpPl8Pi4JO_Yl1XY5NEalC1Hxdua12qz8UXex6TfDrpznl8F6rPcj-Pcw&osidt=ALWU2cvquVtfbUOozxGh7VbgmzTqQBVv5JxOAt9dni8EitK6Ct04Mm8P4-DY25ceevszqkA9A68Z7v_1KjlkyvPXPyIJ6pUM9U810c6wwZ4yFu7cCG23h5Fh5rRpiTETRL0vfhYWt4L7Glq1_lHlazvhMDoD40arD083FjEJYiBm8AeFnFVtAac9UUbJL0n1YChqfYxKTmeqZ5ewvszfQQeaPmZTF7-F--6yO2zn8I_6uqxCQsF6-6M&ifkv=AVQVeywlvZlWhebL8D_PWvHc8J28fClPhSt4aK5Wx9B63NjgF8IZhWL8IOv3AmmlmZdbLEKXhCrS9Q
2023-11-03 12:42:17,https://accounts.google.com/signin/v2/challenge/pk/presend?TL=AIBe4_I9kYM7X5H8yuaV485ZzqalQKUm3Tv0Iqblhm5UoFk8_9FMwhJ5CApeYrP1&cid=1&continue=https%3A%2F%2Fpasswords.google.com%2Fpassword%2FJAmHZNR6SN4wtcP4YTzvmVTeOPgLyQACBc52ipClWGk%253D%3Fep%3D1%26f.sid%3D7737793997165534864&hl=en-GB&ifkv=AVQVeywmIF_vw9Cj12VedA5L3Hc0mfaAvjYXATT3hndWbkf1mgpcO4xdcg5rkD_4V34dVlo9aTaX&rart=ANgoxcdXJuT-kluINZ1NXtADYdqC0IggyIwocLNbjfvekUGChEdcted1ZDfD2EeM71V_-md9j4SBI-aQ4t5HAfJYjVpr0MKvmg&sarp=1&scc=1&flowName=GlifWebSignIn&flowEntry=ServiceLogin
2023-11-03 12:42:17,https://accounts.google.com/signin/v2/challenge/pk/presend?TL=AIBe4_I9kYM7X5H8yuaV485ZzqalQKUm3Tv0Iqblhm5UoFk8_9FMwhJ5CApeYrP1&cid=1&continue=https%3A%2F%2Fpasswords.google.com%2Fpassword%2FJAmHZNR6SN4wtcP4YTzvmVTeOPgLyQACBc52ipClWGk%253D%3Fep%3D1%26f.sid%3D7737793997165534864&hl=en-GB&ifkv=AVQVeywmIF_vw9Cj12VedA5L3Hc0mfaAvjYXATT3hndWbkf1mgpcO4xdcg5rkD_4V34dVlo9aTaX&rart=ANgoxcdXJuT-kluINZ1NXtADYdqC0IggyIwocLNbjfvekUGChEdcted1ZDfD2EeM71V_-md9j4SBI-aQ4t5HAfJYjVpr0MKvmg&sarp=1&scc=1
2023-11-03 12:42:17,https://accounts.google.com/signin/v2/challenge/pk/presend?TL=AIBe4_I9kYM7X5H8yuaV485ZzqalQKUm3Tv0Iqblhm5UoFk8_9FMwhJ5CApeYrP1&cid=1&continue=https%3A%2F%2Fpasswords.google.com%2Fpassword%2FJAmHZNR6SN4wtcP4YTzvmVTeOPgLyQACBc52ipClWGk%253D%3Fep%3D1%26f.sid%3D7737793997165534864&hl=en-GB&ifkv=AVQVeyxkaQ-lhhwXSVsSZE3v79nTiQzOkdUGhkYhfAdhfUEMsVj2ehaX13cGDnjQG6jtKQY2E7uf5g&rart=ANgoxcdXJuT-kluINZ1NXtADYdqC0IggyIwocLNbjfvekUGChEdcted1ZDfD2EeM71V_-md9j4SBI-aQ4t5HAfJYjVpr0MKvmg&sarp=1&scc=1
2023-11-03 12:42:16,https://accounts.google.com/ServiceLogin?rart=ANgoxcdXJuT-kluINZ1NXtADYdqC0IggyIwocLNbjfvekUGChEdcted1ZDfD2EeM71V_-md9j4SBI-aQ4t5HAfJYjVpr0MKvmg&hl=en-GB&sarp=1&scc=1&authuser=0&continue=https%3A%2F%2Fpasswords.google.com%2Fpassword%2FJAmHZNR6SN4wtcP4YTzvmVTeOPgLyQACBc52ipClWGk%253D%3Fep%3D1%26f.sid%3D7737793997165534864
2023-11-03 12:42:16,https://accounts.google.com/InteractiveLogin?authuser=0&continue=https://passwords.google.com/password/JAmHZNR6SN4wtcP4YTzvmVTeOPgLyQACBc52ipClWGk%253D?ep%3D1%26f.sid%3D7737793997165534864&hl=en-GB&rart=ANgoxcdXJuT-kluINZ1NXtADYdqC0IggyIwocLNbjfvekUGChEdcted1ZDfD2EeM71V_-md9j4SBI-aQ4t5HAfJYjVpr0MKvmg&sarp=1&scc=1&ifkv=AVQVeyxkaQ-lhhwXSVsSZE3v79nTiQzOkdUGhkYhfAdhfUEMsVj2ehaX13cGDnjQG6jtKQY2E7uf5g
2023-11-03 12:42:14,https://passwords.google.com/password/JAmHZNR6SN4wtcP4YTzvmVTeOPgLyQACBc52ipClWGk%3D?ep=1&f.sid=7737793997165534864
2023-11-03 12:42:01,https://www.google.com/search?q=+password+manager&client=ms-android-oppo-rvo3&sca_esv=579144136&sxsrf=AM9HkKkhsak6kpBSwQ5P2meuT3nuhS2DQg%3A1699015314913&ei=kupEZfGrN5SfseMP-5G72AQ&oq=+password+manager&gs_lp=EhNtb2JpbGUtZ3dzLXdpei1zZXJwIhEgcGFzc3dvcmQgbWFuYWdlcjIHECMYigUYJzIHECMYigUYJzIGEAAYBxgeMgsQABiKBRixAxiRAjIIEAAYigUYkQIyCBAAGIoFGJECMgYQABgHGB4yBhAAGAcYHkjxFlC8Clj-DnABeAGQAQCYAdsBoAGtDKoBBTAuNC40uAEDyAEA-AEBwgIKEAAYRxjWBBiwA-IDBBgAIEGIBgGQBgg&sclient=mobile-gws-wiz-serp
2023-11-03 12:42:01,https://www.google.com/search?q=pingala+iitk+password+manager&oq=pingala+iitk+password+manager&gs_lcrp=EgZjaHJvbWUyBggAEEUYOTIHCAEQIRigATIHCAIQIRigAdIBCDkwNjdqMGo3qAIAsAIA&client=ms-android-oppo-rvo3&sourceid=chrome-mobile&ie=UTF-8
2023-11-03 12:41:58,https://www.google.com/search?q=pingala+iitk+password+manager&oq=pingala+iitk+password+manager&gs_lcrp=EgZjaHJvbWUyBggAEEUYOTIHCAEQIRigATIHCAIQIRigAdIBCDkwNjdqMGo3qAIAsAIA&client=ms-android-oppo-rvo3&sourceid=chrome-mobile&ie=UTF-8#sbfbu=1&pi=pingala%20iitk%20password%20manager
2023-11-03 11:19:44,https://www.onlinesbi.sbi/sbicollect/#
2023-11-03 11:19:43,https://www.onlinesbi.sbi/sbicollect/
2023-11-03 11:19:42,https://www.google.com/search?q=sbi+collect&rlz=1C1VDKB_enIN1049IN1049&oq=&gs_lcrp=EgZjaHJvbWUqCQgCECMYJxjqAjIJCAAQIxgnGOoCMgkIARAjGCcY6gIyCQgCECMYJxjqAjIJCAMQIxgnGOoCMgkIBBAjGCcY6gIyCQgFECMYJxjqAjIJCAYQIxgnGOoCMgkIBxAjGCcY6gLSAQo0MzIxNThqMGo3qAIIsAIB&sourceid=chrome&ie=UTF-8
2023-11-03 11:18:39,https://www.onlinesbi.sbi/sbicollect/sessiontimeout.htm
2023-11-03 11:17:59,https://nwm.iitk.ac.in/?_task=mail&_frame=1&_mbox=INBOX&_uid=184343&_part=2&_action=get&_extwin=1
2023-11-03 11:16:11,https://nwm.iitk.ac.in/?_task=mail&_caps=pdf%3D1%2Cflash%3D0%2Ctiff%3D0%2Cwebp%3D1&_uid=184343&_mbox=INBOX&_framed=1&_search=b753e740059715c40e61c8436b8614d6&_action=preview
2023-11-03 11:16:05,https://nwm.iitk.ac.in/?_task=mail&_caps=pdf%3D1%2Cflash%3D0%2Ctiff%3D0%2Cwebp%3D1&_uid=184310&_mbox=INBOX&_framed=1&_search=b753e740059715c40e61c8436b8614d6&_action=preview
2023-11-03 11:15:02,https://nwm.iitk.ac.in/?_task=mail&_caps=pdf%3D1%2Cflash%3D0%2Ctiff%3D0%2Cwebp%3D1&_uid=184396&_mbox=INBOX&_framed=1&_action=preview
2023-11-03 11:14:39,https://nwm.iitk.ac.in/?_task=mail&_caps=pdf%3D1%2Cflash%3D0%2Ctiff%3D0%2Cwebp%3D1&_uid=184399&_mbox=INBOX&_framed=1&_action=preview
2023-11-03 11:12:35,https://www.google.com/search?q=sbi+collect&rlz=1C1VDKB_enIN1049IN1049&oq=sbi+&gs_lcrp=EgZjaHJvbWUqCwgAEEUYJxg7GIoFMgsIABBFGCcYOxiKBTIGCAEQRRhAMgYIAhBFGDkyCQgDECMYJxiKBTINCAQQABiDARixAxiABDIGCAUQRRg8MgYIBhBFGDwyBggHEEUYPNIBCDU3NTVqMGo0qAIAsAIA&sourceid=chrome&ie=UTF-8
2023-11-03 11:12:26,https://new.adblockplus.org/en_US/update?an=adblockpluschrome&av=3.20&ap=chrome&apv=119.0.0.0&p=chromium&pv=119.0.0.0
2023-11-03 11:12:26,https://new.adblockplus.org/en/update?an=adblockpluschrome&ap=chrome&apv=119.0.0.0&av=3.20&p=chromium&pv=119.0.0.0
2023-11-03 10:47:17,https://iitk-resources.github.io/contribute/
2023-11-03 10:46:54,https://iitk-resources.github.io/courses/
2023-11-03 10:46:41,https://drive.google.com/file/d/1s8OT5BqH4eW16nj6P_MewICSKdculsnV/view
2023-11-03 10:46:39,https://drive.google.com/file/d/1s8OT5BqH4eW16nj6P_MewICSKdculsnV/view?usp=sharing
2023-11-03 10:46:27,https://iitk-resources.github.io/courses/cs771a/
2023-11-03 10:46:15,https://iitk-resources.github.io/
2023-11-03 10:45:05,https://drive.google.com/drive/folders/1Pq4AoIvZQyqrlPezHqdsQj3vBKoYKg_v
2023-11-03 10:32:19,https://www.google.com/search?q=pingala+iit+kanpur&rlz=1C1VDKB_enIN1049IN1049&oq=&gs_lcrp=EgZjaHJvbWUqCQgBECMYJxjqAjIJCAAQIxgnGOoCMgkIARAjGCcY6gIyCQgCECMYJxjqAjIJCAMQIxgnGOoCMgkIBBAjGCcY6gIyCQgFECMYJxjqAjIJCAYQIxgnGOoCMgkIBxAjGCcY6gLSAQsyNDkyMTI0ajBqN6gCCLACAQ&sourceid=chrome&ie=UTF-8
2023-11-03 10:29:08,https://github.com/valayash/Courses/blob/main/SEM%203/MTH301/Rudin.pdf
2023-11-03 10:29:00,https://github.com/valayash/Courses/tree/main/SEM%203/MTH301/Solutions2%20to%20Rudin
2023-11-03 10:28:47,https://github.com/valayash/Courses
2023-11-03 10:26:48,https://incog-nahito.github.io/grades/?year=2016-17&sem=2&cno=MTH204A
2023-11-03 10:26:37,https://incog-nahito.github.io/grades/?year=2018-19&sem=2&cno=MTH301A
2023-11-03 10:26:05,https://incog-nahito.github.io/grades/?year=2018-19&sem=1&cno=MTH302A
2023-11-03 10:25:45,https://incog-nahito.github.io/grades/?year=2017-18&sem=2&cno=MTH301A
2023-11-03 09:50:50,https://www.google.com/search?q=pingala+iit+kanpur&rlz=1C1VDKB_enIN1049IN1049&oq=pingala+&gs_lcrp=EgZjaHJvbWUqCwgAEEUYJxg7GIoFMgsIABBFGCcYOxiKBTIGCAEQRRg5MgYIAhAjGCcyDwgDEAAYQxiDARixAxiKBTIHCAQQABiABDIGCAUQRRg8MgYIBhBFGDwyBggHEEUYQdIBCDMwOTlqMGo3qAIAsAIA&sourceid=chrome&ie=UTF-8
2023-11-03 09:46:30,https://www.google.com/search?q=maths+department+iitk&rlz=1C1VDKB_enIN1049IN1049&oq=maths+department+iitk&gs_lcrp=EgZjaHJvbWUyCQgAEEUYORiABDIICAEQABgWGB4yCAgCEAAYFhge0gEJMTEzMTVqMGo3qAIAsAIA&sourceid=chrome&ie=UTF-8
2023-11-03 09:39:26,https://nwm.iitk.ac.in/?_task=mail&_caps=pdf%3D1%2Cflash%3D0%2Ctiff%3D0%2Cwebp%3D1&_uid=184390&_mbox=INBOX&_framed=1&_action=preview#all-headers
2023-11-03 09:39:24,https://nwm.iitk.ac.in/?_task=mail&_caps=pdf%3D1%2Cflash%3D0%2Ctiff%3D0%2Cwebp%3D1&_uid=184390&_mbox=INBOX&_framed=1&_action=preview
2023-11-03 09:39:09,https://nwm.iitk.ac.in/?_task=mail&_caps=pdf%3D1%2Cflash%3D0%2Ctiff%3D0%2Cwebp%3D1&_uid=184394&_mbox=INBOX&_framed=1&_action=preview#all-headers
2023-11-03 09:38:54,https://nwm.iitk.ac.in/?_task=mail&_caps=pdf%3D1%2Cflash%3D0%2Ctiff%3D0%2Cwebp%3D1&_uid=184394&_mbox=INBOX&_framed=1&_action=preview
2023-11-03 09:38:46,https://docs.google.com/document/d/1Aa5cwjb1MEDOpcnsQAO_x2YWvg4GjGnx/edit?usp=share_link&ouid=112058646951112904658&rtpof=true&sd=true
2023-11-03 09:38:31,https://nwm.iitk.ac.in/?_task=mail&_caps=pdf%3D1%2Cflash%3D0%2Ctiff%3D0%2Cwebp%3D1&_uid=56&_mbox=INBOX.Junk&_framed=1&_action=preview
2023-11-03 09:38:25,https://nwm.iitk.ac.in/?_task=mail&_caps=pdf%3D1%2Cflash%3D0%2Ctiff%3D0%2Cwebp%3D1&_uid=101&_mbox=INBOX.Junk&_framed=1&_action=preview
2023-11-03 09:38:24,https://nwm.iitk.ac.in/?_task=mail&_caps=pdf%3D1%2Cflash%3D0%2Ctiff%3D0%2Cwebp%3D1&_uid=102&_mbox=INBOX.Junk&_framed=1&_action=preview
2023-11-03 09:38:24,https://nwm.iitk.ac.in/?_task=mail&_caps=pdf%3D1%2Cflash%3D0%2Ctiff%3D0%2Cwebp%3D1&_uid=103&_mbox=INBOX.Junk&_framed=1&_action=preview
2023-11-03 09:38:23,https://nwm.iitk.ac.in/?_task=mail&_caps=pdf%3D1%2Cflash%3D0%2Ctiff%3D0%2Cwebp%3D1&_uid=104&_mbox=INBOX.Junk&_framed=1&_action=preview
2023-11-03 09:38:23,https://nwm.iitk.ac.in/?_task=mail&_caps=pdf%3D1%2Cflash%3D0%2Ctiff%3D0%2Cwebp%3D1&_uid=105&_mbox=INBOX.Junk&_framed=1&_action=preview
2023-11-03 09:38:22,https://nwm.iitk.ac.in/?_task=mail&_caps=pdf%3D1%2Cflash%3D0%2Ctiff%3D0%2Cwebp%3D1&_uid=106&_mbox=INBOX.Junk&_framed=1&_action=preview
2023-11-03 09:38:22,https://nwm.iitk.ac.in/?_task=mail&_caps=pdf%3D1%2Cflash%3D0%2Ctiff%3D0%2Cwebp%3D1&_uid=107&_mbox=INBOX.Junk&_framed=1&_action=preview
2023-11-03 09:38:22,https://nwm.iitk.ac.in/?_task=mail&_caps=pdf%3D1%2Cflash%3D0%2Ctiff%3D0%2Cwebp%3D1&_uid=108&_mbox=INBOX.Junk&_framed=1&_action=preview
2023-11-03 09:38:21,https://nwm.iitk.ac.in/?_task=mail&_caps=pdf%3D1%2Cflash%3D0%2Ctiff%3D0%2Cwebp%3D1&_uid=109&_mbox=INBOX.Junk&_framed=1&_action=preview
2023-11-03 09:38:05,https://nwm.iitk.ac.in/?_task=mail&_caps=pdf%3D1%2Cflash%3D0%2Ctiff%3D0%2Cwebp%3D1&_uid=110&_mbox=INBOX.Junk&_framed=1&_action=preview
2023-11-03 09:37:35,https://www.iitk.ac.in/mwn/ATS/registration_iitk.html
2023-11-03 09:37:26,https://www.iitk.ac.in/mwn/ATS/venue.html
2023-11-03 09:36:13,https://nwm.iitk.ac.in/?_task=mail&_caps=pdf%3D1%2Cflash%3D0%2Ctiff%3D0%2Cwebp%3D1&_uid=184364&_mbox=INBOX&_framed=1&_action=preview
2023-11-03 09:36:12,https://nwm.iitk.ac.in/?_task=mail&_caps=pdf%3D1%2Cflash%3D0%2Ctiff%3D0%2Cwebp%3D1&_uid=184365&_mbox=INBOX&_framed=1&_action=preview
2023-11-03 09:36:00,https://regpingala.cc.iitk.ac.in/IITK-0/login
2023-11-03 09:35:57,https://nwm.iitk.ac.in/?_task=mail&_caps=pdf%3D1%2Cflash%3D0%2Ctiff%3D0%2Cwebp%3D1&_uid=184373&_mbox=INBOX&_framed=1&_action=preview
2023-11-03 09:35:55,https://nwm.iitk.ac.in/?_task=mail&_caps=pdf%3D1%2Cflash%3D0%2Ctiff%3D0%2Cwebp%3D1&_uid=184374&_mbox=INBOX&_framed=1&_action=preview
2023-11-03 09:35:52,https://nwm.iitk.ac.in/?_task=mail&_caps=pdf%3D1%2Cflash%3D0%2Ctiff%3D0%2Cwebp%3D1&_uid=184375&_mbox=INBOX&_framed=1&_action=preview
2023-11-03 09:35:45,https://nwm.iitk.ac.in/?_task=mail&_caps=pdf%3D1%2Cflash%3D0%2Ctiff%3D0%2Cwebp%3D1&_uid=184376&_mbox=INBOX&_framed=1&_action=preview
2023-11-03 09:35:42,https://nwm.iitk.ac.in/?_task=mail&_caps=pdf%3D1%2Cflash%3D0%2Ctiff%3D0%2Cwebp%3D1&_uid=184378&_mbox=INBOX&_framed=1&_action=preview
2023-11-03 09:35:38,https://nwm.iitk.ac.in/?_task=mail&_caps=pdf%3D1%2Cflash%3D0%2Ctiff%3D0%2Cwebp%3D1&_uid=184379&_mbox=INBOX&_framed=1&_action=preview
2023-11-03 09:35:33,https://nwm.iitk.ac.in/?_task=mail&_caps=pdf%3D1%2Cflash%3D0%2Ctiff%3D0%2Cwebp%3D1&_uid=184380&_mbox=INBOX&_framed=1&_action=preview
2023-11-03 09:35:27,https://nwm.iitk.ac.in/?_task=mail&_caps=pdf%3D1%2Cflash%3D0%2Ctiff%3D0%2Cwebp%3D1&_uid=184382&_mbox=INBOX&_framed=1&_action=preview
2023-11-03 09:35:24,https://nwm.iitk.ac.in/?_task=mail&_caps=pdf%3D1%2Cflash%3D0%2Ctiff%3D0%2Cwebp%3D1&_uid=184384&_mbox=INBOX&_framed=1&_action=preview
2023-11-03 09:34:56,https://nwm.iitk.ac.in/?_task=mail&_caps=pdf%3D1%2Cflash%3D0%2Ctiff%3D0%2Cwebp%3D1&_uid=184385&_mbox=INBOX&_framed=1&_action=preview
2023-11-03 09:34:49,https://www.google.com/search?q=quillbot+extension&rlz=1C1VDKB_enIN1049IN1049&oq=quillbot&gs_lcrp=EgZjaHJvbWUqEggDEAAYFBiDARiHAhixAxiABDIHCAAQABiPAjIVCAEQLhhDGIMBGMcBGLEDGNEDGIoFMgkIAhAAGEMYigUyEggDEAAYFBiDARiHAhixAxiABDIJCAQQABhDGIoFMgkIBRAAGEMYigUyDAgGEAAYFBiHAhiABDIGCAcQBRhA0gEINjU1MmowajeoAgCwAgA&sourceid=chrome&ie=UTF-8
2023-11-03 09:34:30,https://chrome.google.com/webstore/detail/quillbot-ai-writing-and-g/iidnbdjijdkbmajdffnidomddglmieko
2023-11-03 09:34:11,https://nwm.iitk.ac.in/?_task=mail&_caps=pdf%3D1%2Cflash%3D0%2Ctiff%3D0%2Cwebp%3D1&_uid=184387&_mbox=INBOX&_framed=1&_action=preview
2023-11-03 09:34:07,https://nwm.iitk.ac.in/?_task=mail&_caps=pdf%3D1%2Cflash%3D0%2Ctiff%3D0%2Cwebp%3D1&_uid=184389&_mbox=INBOX&_framed=1&_action=preview
2023-11-03 09:33:45,https://www.google.com/search?q=pingala+iit+kanpur&rlz=1C1VDKB_enIN1049IN1049&oq=&gs_lcrp=EgZjaHJvbWUqCQgBECMYJxjqAjIJCAAQIxgnGOoCMgkIARAjGCcY6gIyCQgCECMYJxjqAjIJCAMQIxgnGOoCMgkIBBAjGCcY6gIyCQgFECMYJxjqAjIJCAYQIxgnGOoCMgkIBxAjGCcY6gLSAQk3NzE5OGowajeoAgiwAgE&sourceid=chrome&ie=UTF-8
2023-11-03 09:33:15,https://www.google.com/search?q=search+extension&rlz=1C1VDKB_enIN1049IN1049&oq=search+ext&gs_lcrp=EgZjaHJvbWUqBwgAEAAYgAQyBwgAEAAYgAQyBggBEEUYOTIHCAIQABiABDIHCAMQABiABDIHCAQQABiABDIHCAUQABiABDIHCAYQABiABDIHCAcQABiABDIHCAgQABiABDIHCAkQABiABKgCALACAA&sourceid=chrome&ie=UTF-8
2023-11-03 09:33:01,https://chrome.google.com/webstore/detail/selection-search/gipnlpdeieaidmmeaichnddnmjmcakoe
2023-11-03 09:31:23,https://www.google.com/search?q=pingala+iit+kanpur&rlz=1C1VDKB_enIN1049IN1049&oq=pingala+&gs_lcrp=EgZjaHJvbWUqCwgAEEUYJxg7GIoFMgsIABBFGCcYOxiKBTIGCAEQRRg5MgYIAhAjGCcyDQgDEAAYgwEYsQMYgAQyBwgEEAAYgAQyBggFEEUYPDIGCAYQRRg8MgYIBxBFGEGoAgCwAgA&sourceid=chrome&ie=UTF-8
2023-11-03 09:25:05,https://www.youtube.com/watch?v=8sORN_fHAZY&list=PLckXXkZv3lYhTgR-3Pxc5kvUMR8sbS074
2023-11-03 09:20:32,https://nwm.iitk.ac.in/?_task=mail&_frame=1&_mbox=INBOX&_uid=184257&_part=3&_action=get&_extwin=1
2023-11-03 09:20:30,https://nwm.iitk.ac.in/?_task=mail&_caps=pdf%3D1%2Cflash%3D0%2Ctiff%3D0%2Cwebp%3D1&_uid=184257&_mbox=INBOX&_framed=1&_search=f040b56fe8727eb388fc5ae428c7f6e6&_action=preview
2023-11-03 09:20:26,https://nwm.iitk.ac.in/?_task=mail&_caps=pdf%3D1%2Cflash%3D0%2Ctiff%3D0%2Cwebp%3D1&_uid=184202&_mbox=INBOX&_framed=1&_search=f040b56fe8727eb388fc5ae428c7f6e6&_action=preview
2023-11-03 09:20:08,https://nwm.iitk.ac.in/?_task=mail&_caps=pdf%3D1%2Cflash%3D0%2Ctiff%3D0%2Cwebp%3D1&_uid=183434&_mbox=INBOX&_framed=1&_search=f040b56fe8727eb388fc5ae428c7f6e6&_action=preview
2023-11-03 09:19:46,https://nwm.iitk.ac.in/?_task=mail&_mbox=INBOX&_token=T777bOZ42RwtIDGCAFbYSKiQoW2xqkpa
2023-11-03 09:05:24,https://www.google.com/search?q=sbi+collect&rlz=1C1VDKB_enIN1049IN1049&oq=sbi+co&gs_lcrp=EgZjaHJvbWUqCwgAEEUYJxg7GIoFMgsIABBFGCcYOxiKBTIGCAEQRRg5MgkIAhAjGCcYigUyDAgDEAAYFBiHAhiABDINCAQQABiDARixAxiABDINCAUQABiDARixAxiABDITCAYQLhiDARjHARixAxjRAxiABDIHCAcQABiABDINCAgQABiDARixAxiABDINCAkQABiDARixAxiABKgCALACAA&sourceid=chrome&ie=UTF-8
2023-11-03 08:42:14,https://incog-nahito.github.io/grades/?year=2019-20&sem=1&cno=MTH673A
2023-11-03 08:41:58,https://incog-nahito.github.io/grades/?year=2019-20&sem=1&cno=MSE699
2023-11-03 08:21:53,https://www.google.com/search?q=Thursday&client=ms-android-oppo-rvo3&sourceid=chrome-mobile&ie=UTF-8&ctxs=2&ctxsl_trans=1&tlitetl=te&tlitetxt=Thursday
2023-11-03 08:15:55,https://www.google.com/search?q=pingala+iit+kanpur&oq=pi&gs_lcrp=EgZjaHJvbWUqCQgEECMYJxiKBTIGCAAQRRg8MgYIARBFGDwyBggCEEUYPDIGCAMQRRg5MgkIBBAjGCcYigUyCQgFECMYJxiKBTIPCAYQLhhDGIMBGLEDGIoFMgoIBxAuGJECGIoFMg8ICBAAGEMYgwEYsQMYigUyDwgJEAAYQxiDARixAxiKBdIBCDE4ODJqMGo3qAIAsAIA&client=ms-android-oppo-rvo3&sourceid=chrome-mobile&ie=UTF-8
2023-11-03 08:15:48,https://sntiitk.com/entities/page.html?out
2023-11-03 08:07:15,https://www.google.com/search?q=2025+champions+trophy+qualification
2023-11-03 07:56:26,https://www.espncricinfo.com/story/2025-champions-trophy-qualification-at-stake-during-odi-world-cup-1406055?platform=amp
2023-11-03 07:55:00,https://myactivity.google.com/product/search?utm_source=agsa-searchbox&utm_medium=btn&utm_campaign=15&pli=1
2023-11-03 07:55:00,https://myactivity.google.com/product/search?utm_source=agsa-searchbox&utm_medium=btn&utm_campaign=15
2023-11-03 07:55:00,https://accounts.google.com/ServiceLogin?passive=1209600&osid=1&continue=https://myactivity.google.com/product/search?utm_source%3Dagsa-searchbox%26utm_medium%3Dbtn%26utm_campaign%3D15&followup=https://myactivity.google.com/product/search?utm_source%3Dagsa-searchbox%26utm_medium%3Dbtn%26utm_campaign%3D15&authuser=0
2023-11-03 07:55:00,https://myactivity.google.com/accounts/SetOSID?authuser=0&continue=https://myactivity.google.com/product/search?utm_source%3Dagsa-searchbox%26utm_medium%3Dbtn%26utm_campaign%3D15%26pli%3D1&osidt=ALWU2cvVnSIRhu8NteYauuQNMcOB9GUMImJq0qLNREmrcv9J30wotloNU0X73iDk-13aWPXIbOcu2geaAlRlEC9N5sXApMEsC0PVUsVUJ2pb13ENWO_rTtwejz78hiD5CTnFtdGuHsRmHoCppwjgZ3fxPbGzZ-dmUSzYQ7rifN59xDIGEMI9BjI2VJoVwbsckwWPQnVlLStxY8gvZKnNMWJim84Uivnm1asaU_7JtIlo1O1T1Iw_nlI&ifkv=AVQVeyx7YWcqkilT3lJmdK3OVQ8rSzLhkrXCTnmXCt7KfVfEb7CPwASUkxn-ACfSzJWk39si3KR0Og
2023-11-03 06:57:48,https://workforindia.niti.gov.in/intern/PDF/GENERAL%20INFORMATION_INTERNSHIP%20NITI%20SCHEME.pdf
2023-11-03 06:54:55,https://workforindia.niti.gov.in/intern/PDF/NITI_Internship_Guidelines.pdf
2023-11-03 06:54:44,http://www.niti.gov.in/internship
2023-11-03 06:54:42,https://www.google.com/search?q=niti+aayog+internship&rlz=1C1VDKB_enIN1049IN1049&oq=niti+aayog&gs_lcrp=EgZjaHJvbWUqDQgBEAAYgwEYsQMYgAQyDAgAEEUYORixAxiABDINCAEQABiDARixAxiABDIKCAIQABixAxiABDIKCAMQABixAxiABDIHCAQQABiABDIKCAUQABixAxiABDIHCAYQABiABDIKCAcQABixAxiABDIHCAgQABiABDINCAkQABiDARixAxiKBdIBCDUxOTlqMGo3qAIAsAIA&sourceid=chrome&ie=UTF-8
2023-11-03 06:21:40,https://www.google.com/search?q=snt+iitk&oq=snt+iitk&gs_lcrp=EgZjaHJvbWUyCwgAEEUYJxg5GIoFMgoIARAAGIYDGIoFMgYIAhBFGDvSAQgxODM5ajBqNKgCALACAA&client=ms-android-oppo-rvo3&sourceid=chrome-mobile&ie=UTF-8
2023-11-03 06:21:37,https://www.google.com/?sa=X&ved=0ahUKEwjz9_SemKeCAxWCSmwGHUx1Dc4QOwgC
2023-11-03 06:21:30,https://www.google.com/search?q=snt&oq=snt&gs_lcrp=EgZjaHJvbWUyDAgAEEUYORixAxiABDIJCAEQIxgnGIoFMgkIAhAjGCcYigUyDQgDEAAYgwEYsQMYgAQyBwgEEAAYgAQyBwgFEAAYgAQyBwgGEAAYgAQyCQgHEAAYChiABDIHCAgQABiABDINCAkQLhivARjHARiABDINCAoQABiDARixAxiKBTINCAsQLhivARjHARiABDIHCAwQABiABDINCA0QLhivARjHARiABDIHCA4QABiABNIBCDE2NjlqMGo3qAIAsAIA&client=ms-android-oppo-rvo3&sourceid=chrome-mobile&ie=UTF-8
2023-11-03 05:06:04,https://docs.google.com/forms/d/e/1FAIpQLSdXaucwFbIxZdLDaHrrFwcmBfw0FodaZd9Gk8TiJvGvoO_5Sw/viewform
2023-11-03 05:06:03,https://docs.google.com/forms/d/e/1FAIpQLSdXaucwFbIxZdLDaHrrFwcmBfw0FodaZd9Gk8TiJvGvoO_5Sw/viewform?usp=send_form
2023-11-02 13:34:13,https://www.espncricinfo.com/series/asia-cup-2023-1388374/sri-lanka-vs-india-final-1388414/live-cricket-score
2023-11-02 13:33:45,https://www.espncricinfo.com/series/asia-cup-2023-1388374
2023-11-02 12:38:44,https://scholar.google.co.in/citations?user=9uMKMBUAAAAJ&hl=en
2023-11-02 12:05:42,https://www-icc--cricket-com.cdn.ampproject.org/v/s/www.icc-cricket.com/news/3736027/amp?amp_gsa=1&amp_js_v=a9&usqp=mq331AQIUAKwASCAAgM%3D#amp_tf=From%20%251%24s&aoh=16989266320098&referrer=https%3A%2F%2Fwww.google.com&ampshare=https%3A%2F%2Fwww.icc-cricket.com%2Fnews%2F3736027
2023-11-02 12:05:39,https://www-icc--cricket-com.cdn.ampproject.org/v/s/www.icc-cricket.com/news/3736027/amp?amp_gsa=1&amp_js_v=a9&usqp=mq331AQIUAKwASCAAgM%3D#amp_tf=From%20%251%24s&aoh=16989266320098&referrer=https%3A%2F%2Fwww.google.com
2023-11-02 12:03:56,https://www.cricketworldcup.com/news/3762721
2023-11-02 11:52:47,https://accounts.google.com/o/oauth2/v2/auth/oauthchooseaccount?response_type=code&redirect_uri=https%3A%2F%2Fwww.overleaf.com%2Fusers%2Fauth%2Fgoogle_oauth2%2Fcallback&scope=email%20profile&state=ouV0qUds2LVorDP6WAbtZuRy&client_id=47304055603.apps.googleusercontent.com&service=lso&o2v=2&theme=glif&flowName=GeneralOAuthFlow
2023-11-02 11:52:47,https://accounts.google.com/o/oauth2/v2/auth?response_type=code&redirect_uri=https%3A%2F%2Fwww.overleaf.com%2Fusers%2Fauth%2Fgoogle_oauth2%2Fcallback&scope=email%20profile&state=ouV0qUds2LVorDP6WAbtZuRy&client_id=47304055603.apps.googleusercontent.com&service=lso&o2v=2&theme=glif&flowName=GeneralOAuthFlow
2023-11-02 11:52:47,https://accounts.google.com/o/oauth2/v2/auth?response_type=code&redirect_uri=https%3A%2F%2Fwww.overleaf.com%2Fusers%2Fauth%2Fgoogle_oauth2%2Fcallback&scope=email+profile&state=ouV0qUds2LVorDP6WAbtZuRy&client_id=47304055603.apps.googleusercontent.com&service=lso&o2v=2&theme=glif&flowName=GeneralOAuthFlow
2023-11-02 11:47:19,https://www.linkedin.com/public-profile/settings?trk=d_flagship3_profile_self_view_public_profile
2023-11-02 11:46:36,https://www.linkedin.com/home/?originalSubdomain=in
2023-11-02 11:46:29,https://in.linkedin.com/
2023-11-02 11:46:29,https://www.linkedin.com/home?originalSubdomain=in
2023-11-02 11:46:26,https://www.google.com/search?q=linkedin&rlz=1C1VDKB_enIN1049IN1049&oq=linkedin+&gs_lcrp=EgZjaHJvbWUyBggAEEUYOTIJCAEQIxgnGIoFMgkIAhAAGEMYigUyDQgDEAAYgwEYsQMYgAQyBggEEEUYPDIGCAUQRRg8MgYIBhBFGDwyBggHEEUYPNIBCDQzMDBqMGo3qAIAsAIA&sourceid=chrome&ie=UTF-8
2023-11-02 11:39:34,https://www.overleaf.com/project/65438a7770095f909bd5cc16
2023-11-02 11:39:33,https://www.overleaf.com/project/new/template/19606?id=64789057&templateName=Hyperref+Example+2&latexEngine=pdflatex&texImage=texlive-full%3A2020.1&mainFile=main.tex
2023-11-02 11:32:49,https://www.ipgp.fr/~moguilny/LaTeX/fontawesome5Icons.pdf
2023-11-02 11:32:42,https://www.google.com/search?q=what+is+fagithub+square+latex+overleaf&rlz=1C1VDKB_enIN1049IN1049&oq=what+is+faGithub+square&gs_lcrp=EgZjaHJvbWUqCQgBECEYChigATIGCAAQRRg5MgkIARAhGAoYoAEyCQgCECEYChigATIJCAMQIRgKGKABMgcIBBAhGI8CMgcIBRAhGI8C0gEJMTM4NzNqMGo3qAIAsAIA&sourceid=chrome&ie=UTF-8
2023-11-02 11:32:06,https://tex.stackexchange.com/questions/338657/how-to-include-socials-icons-like-github-and-linkedin-in-moderncv
2023-11-02 11:30:53,https://tex.stackexchange.com/questions/448885/how-to-add-github-link-in-moderncv-template
2023-11-02 11:30:47,https://pastebin.com/eevR2n6s
2023-11-02 11:29:46,https://www.google.com/search?q=how+to+attach+github+linkin+latex+overleaf&rlz=1C1VDKB_enIN1049IN1049&oq=how+to+attach+github+linkin+late&gs_lcrp=EgZjaHJvbWUqCQgCECEYChigATIGCAAQRRg5MgkIARAhGAoYoAEyCQgCECEYChigATIJCAMQIRgKGKABMgkIBBAhGAoYoAEyCggFECEYFhgdGB4yCggGECEYFhgdGB4yCggHECEYFhgdGB4yCggIECEYFhgdGB4yCggJECEYFhgdGB7SAQkxNTkxMGowajeoAgCwAgA&sourceid=chrome&ie=UTF-8#ip=1
2023-11-02 11:29:35,https://www.google.com/search?q=how+to+attach+github+linkin+latex+overleaf&rlz=1C1VDKB_enIN1049IN1049&oq=how+to+attach+github+linkin+late&gs_lcrp=EgZjaHJvbWUqCQgCECEYChigATIGCAAQRRg5MgkIARAhGAoYoAEyCQgCECEYChigATIJCAMQIRgKGKABMgkIBBAhGAoYoAEyCggFECEYFhgdGB4yCggGECEYFhgdGB4yCggHECEYFhgdGB4yCggIECEYFhgdGB4yCggJECEYFhgdGB7SAQkxNTkxMGowajeoAgCwAgA&sourceid=chrome&ie=UTF-8#vhid=6NP4A0uT5SG_YM&vssid=l&ip=1
2023-11-02 11:29:26,https://www.google.com/search?q=how+to+attach+github+linkin+latex+overleaf&rlz=1C1VDKB_enIN1049IN1049&oq=how+to+attach+github+linkin+late&gs_lcrp=EgZjaHJvbWUqCQgCECEYChigATIGCAAQRRg5MgkIARAhGAoYoAEyCQgCECEYChigATIJCAMQIRgKGKABMgkIBBAhGAoYoAEyCggFECEYFhgdGB4yCggGECEYFhgdGB4yCggHECEYFhgdGB4yCggIECEYFhgdGB4yCggJECEYFhgdGB7SAQkxNTkxMGowajeoAgCwAgA&sourceid=chrome&ie=UTF-8
2023-11-02 11:28:42,https://www.youtube.com/watch?v=BAt5xYP70u0
2023-11-02 11:28:13,https://stackoverflow.com/questions/60827601/latex-github-links-show-with-symbol
2023-11-02 11:27:00,"https://www.overleaf.com/learn/how-to/Git_integration#:~:text=From%20the%20Menu%20within%20your,'re%20in%20a%20project)."
2023-11-02 11:26:09,https://www.google.com/search?q=%5Chfill+%5Chref%7Bhttps%3A%2F%2Fgithub.com%2FAnunay-12%7D%7B%5CfaGithubSquare+%5Chspace%7B0.1cm%7D+what+is+it&rlz=1C1VDKB_enIN1049IN1049&oq=%5Chfill+%5Chref%7Bhttps%3A%2F%2Fgithub.com%2FAnunay-12%7D%7B%5CfaGithubSquare+%5Chspace%7B0.1cm%7D+what+is+it&gs_lcrp=EgZjaHJvbWUyBggAEEUYOTIHCAEQIRiPAjIHCAIQIRiPAjIHCAMQIRiPAtIBCDczODdqMGo3qAIAsAIA&sourceid=chrome&ie=UTF-8
2023-11-02 11:25:44,https://www.google.com/search?q=what+is+hfill+in+latex&rlz=1C1VDKB_enIN1049IN1049&oq=what+is+%5Chfill&gs_lcrp=EgZjaHJvbWUqBwgBEAAYgAQyBggAEEUYOTIHCAEQABiABDIKCAIQABiGAxiKBTIKCAMQABiGAxiKBdIBCTE3MjU2ajBqN6gCALACAA&sourceid=chrome&ie=UTF-8#cobssid=s
2023-11-02 11:23:41,https://github.com/Anunay-12
2023-11-02 11:23:24,https://github.com/adithyalingala?tab=projects
2023-11-02 11:23:23,https://github.com/adithyalingala?tab=repositories
2023-11-02 11:22:43,https://www.google.com/search?q=github&rlz=1C1VDKB_enIN1049IN1049&oq=github&gs_lcrp=EgZjaHJvbWUqBwgAEAAYjwIyBwgAEAAYjwIyFQgBEC4YQxiDARjHARixAxjRAxiKBTIJCAIQIxgnGIoFMgkIAxAAGEMYigUyCQgEEAAYQxiKBTIJCAUQABhDGIoFMgkIBhAAGEMYigUyCQgHEAAYQxiKBTIJCAgQABhDGIoFMgcICRAAGI8C0gEJNDc5M2owajE1qAIAsAIA&sourceid=chrome&ie=UTF-8
2023-11-02 11:22:30,https://www.google.com/search?q=what+is+%5CfaLinkedigithub&rlz=1C1VDKB_enIN1049IN1049&oq=what+is+%5CfaLinkedigithub&gs_lcrp=EgZjaHJvbWUyBggAEEUYOTIJCAEQIRgKGKABMgkIAhAhGAoYoAEyCQgDECEYChigATIJCAQQIRgKGKABMgcIBRAhGI8CMgcIBhAhGI8C0gEIMzQ4M2owajeoAgCwAgA&sourceid=chrome&ie=UTF-8
2023-11-02 11:19:16,https://tex.stackexchange.com/questions/45948/what-is-the-difference-between-hspace-fill-and-hfill
2023-11-02 11:19:05,"http://www.emerson.emory.edu/services/latex/latex_140.html#:~:text=The%20%5Chfill%20fill%20command%20produces,will%20be%20filled%20with%20spaces."
2023-11-02 11:19:05,"https://www.emerson.emory.edu/services/latex/latex_140.html#:~:text=The%20%5Chfill%20fill%20command%20produces,will%20be%20filled%20with%20spaces."
2023-11-02 11:18:56,https://www.google.com/search?q=what+is+hfill+in+latex&rlz=1C1VDKB_enIN1049IN1049&oq=what+is+%5Chfill&gs_lcrp=EgZjaHJvbWUqBwgBEAAYgAQyBggAEEUYOTIHCAEQABiABDIKCAIQABiGAxiKBTIKCAMQABiGAxiKBdIBCTE3MjU2ajBqN6gCALACAA&sourceid=chrome&ie=UTF-8
2023-11-02 11:17:18,https://www.overleaf.com/learn/latex/Hyperlinks#Linking_web_addresses
2023-11-02 11:17:05,https://www.overleaf.com/learn/latex/Hyperlinks
2023-11-02 11:16:24,https://www.google.com/search?q=how+to+attach+url+in+overleaf&rlz=1C1VDKB_enIN1049IN1049&oq=how+to+attach+url+in+overleaf&gs_lcrp=EgZjaHJvbWUyBggAEEUYOTIICAEQABgWGB4yCAgCEAAYFhgeMggIAxAAGBYYHjIKCAQQABiGAxiKBTIKCAUQABiGAxiKBTIKCAYQABiGAxiKBTIKCAcQABiGAxiKBTIKCAgQABiGAxiKBdIBCTE2Nzk3ajBqN6gCALACAA&sourceid=chrome&ie=UTF-8
2023-11-02 11:14:54,https://accounts.google.com/signin/oauth/consent?authuser=0&part=AJi8hAO_2jIMSX5lBrGnZqHxoQIGXSNM8AAQeLWfY3tcfU36p1tBbycczHK4W28r2auRSSLyhJxnJVQlfzFnIFP502E9JkL4x6bSi195KHHXxAUEN_jjzVp8o1K8IM3gqOKd-Z2IV6dgeGNVkBhhYkkAKZYgi3DHGQBb2FhlkCD2GThvjN5V1OMTOYZr6tQ1esRXOm5zDvaxzy_1TqszjyKcKTXklhNHDYMrH1SNN04k5DKTNRXOIsULFtYfcTEsySkC_N9pJwayD0VArjag8yiYbIXn23OmBgphT7bD4IesghVhcidXjtnfc6IecO1ZYQo5cfpjymqW6bMJDZTwjrxwIRf9xlPP3vjwCsmAIZ15-pilRG0c9USnOYT18_at3UQVX2jbt96qEVgiab4p_UMnR0-srXLdhGoS-MhDS00Aqm6vT4rxx14&as=S-1056499842%3A1698923692953607&client_id=47304055603.apps.googleusercontent.com&theme=glif&pli=1&rapt=AEjHL4NZKKd6TQKVLZ2OQLgNoxbl0fRYyYc8C4tQR7oPGopSWPpZwUpglaNj7ZW5ITYg47PSGYpzBZ59ZoBw6I7D5TeHi7dyhg#
2023-11-02 11:14:54,https://www.overleaf.com/users/auth/google_oauth2/callback?state=ouV0qUds2LVorDP6WAbtZuRy&code=4%2F0AfJohXmySaTGxgLJFuZ8qV88jxWnwugN9qM5lOVVbL9zQ0IEMGlost_zOSle1jWJBTD73A&scope=email+profile+openid+https%3A%2F%2Fwww.googleapis.com%2Fauth%2Fuserinfo.profile+https%3A%2F%2Fwww.googleapis.com%2Fauth%2Fuserinfo.email&authuser=0&prompt=none
2023-11-02 11:14:51,https://accounts.google.com/o/oauth2/v2/auth?response_type=code&redirect_uri=https%3A%2F%2Fwww.overleaf.com%2Fusers%2Fauth%2Fgoogle_oauth2%2Fcallback&scope=email%20profile&state=ouV0qUds2LVorDP6WAbtZuRy&client_id=47304055603.apps.googleusercontent.com&service=lso&o2v=2&theme=glif
2023-11-02 11:14:51,https://accounts.google.com/o/oauth2/v2/auth?response_type=code&redirect_uri=https%3A%2F%2Fwww.overleaf.com%2Fusers%2Fauth%2Fgoogle_oauth2%2Fcallback&scope=email%20profile&state=ouV0qUds2LVorDP6WAbtZuRy&client_id=47304055603.apps.googleusercontent.com
2023-11-02 11:14:45,https://accounts.google.com/signin/oauth/consent?authuser=1&part=AJi8hANTsgxmhGleKrjv7zK-feeLTTt6JwRsU0mIM-hSjumHxfjxl1v_LEeog6xPL2uGQuogfaXuVBpiyyHcoCdgkqVErgVlLzi8DR0SN46K6DqBASD92nY0z1Jx16LARpuvBGcF4AyM7gg5HmMT5e05NCbo74c1gWPnJs-st2M2s0N-s5CaDx2Hqi0hoLZo8b3ZQyRektwZRp55SFsuIWiwRUQEarZiEljsrcQqmcfXnM4ZVo7bfJtGc4nm6g5af6uSon29Qi1NULyBoLEBqT1dZiSNcPkHJpJFZZelSjyHu-DQI424GBUnLN_zQ2sKBqCgIM_v0ZfRcrNKNpPgo-pwbeVuxV0_ut4_c60Pttkr9Ik4E_UQvoVcZCV3iiKHDTbXqEn1JPqzBgjqJAwltfDTQgCHO5U3w0sTfuKGchVzxdwn-bUav1s&as=S1057619042%3A1698923682769786&client_id=47304055603.apps.googleusercontent.com&theme=glif&pli=1&rapt=AEjHL4NxuIBzE4h53D0LPcXwflk8kO1v1v0gH5qjTH72NwfVp-g2bO_2oBSMckGnhl9THE5w2RNDEbt4ddXIvdWyZ_-zOvNIFw#
2023-11-02 11:14:45,https://www.overleaf.com/users/auth/google_oauth2/callback?state=aYx4koME2WmhtRisWxE8YSIy&code=4%2F0AfJohXkmGD7Hrt2YmVBGO4oVasYxSnei4Db5HX-ColCZIiWrZuuH-ZVYdl4j_0PJJI9qZg&scope=email+profile+https%3A%2F%2Fwww.googleapis.com%2Fauth%2Fuserinfo.email+https%3A%2F%2Fwww.googleapis.com%2Fauth%2Fuserinfo.profile+openid&authuser=1&prompt=consent
2023-11-02 11:14:41,https://accounts.google.com/o/oauth2/v2/auth/oauthchooseaccount?response_type=code&redirect_uri=https%3A%2F%2Fwww.overleaf.com%2Fusers%2Fauth%2Fgoogle_oauth2%2Fcallback&scope=email%20profile&state=aYx4koME2WmhtRisWxE8YSIy&client_id=47304055603.apps.googleusercontent.com&service=lso&o2v=2&theme=glif&flowName=GeneralOAuthFlow
2023-11-02 11:14:41,https://accounts.google.com/o/oauth2/v2/auth?response_type=code&redirect_uri=https%3A%2F%2Fwww.overleaf.com%2Fusers%2Fauth%2Fgoogle_oauth2%2Fcallback&scope=email%20profile&state=aYx4koME2WmhtRisWxE8YSIy&client_id=47304055603.apps.googleusercontent.com&service=lso&o2v=2&theme=glif
2023-11-02 11:14:41,https://accounts.google.com/o/oauth2/v2/auth?response_type=code&redirect_uri=https%3A%2F%2Fwww.overleaf.com%2Fusers%2Fauth%2Fgoogle_oauth2%2Fcallback&scope=email%20profile&state=aYx4koME2WmhtRisWxE8YSIy&client_id=47304055603.apps.googleusercontent.com
2023-11-02 11:14:19,https://www.overleaf.com/project/60ded045716f330149f57852
2023-11-02 11:09:42,https://www.google.com/search?q=latex&rlz=1C1VDKB_enIN1049IN1049&oq=latex&gs_lcrp=EgZjaHJvbWUqCwgAEEUYJxg7GIoFMgsIABBFGCcYOxiKBTIGCAEQRRhAMg0IAhAAGIMBGLEDGIAEMgoIAxAAGLEDGIAEMgoIBBAAGLEDGIAEMg0IBRAAGIMBGLEDGIAEMg0IBhAAGIMBGLEDGIAEMgoIBxAAGLEDGIAE0gEIMjgzOGowajeoAgCwAgA&sourceid=chrome&ie=UTF-8
2023-11-02 11:01:33,https://www.cricbuzz.com/live-cricket-scores/75563/ind-vs-sl-33rd-match-icc-cricket-world-cup-2023
2023-11-02 10:53:04,https://www.cricbuzz.com/live-cricket-full-commentary/75563/ind-vs-sl-33rd-match-icc-cricket-world-cup-2023
2023-11-02 10:44:26,https://www.cricbuzz.com/live-cricket-match-blog/75563/ind-vs-sl-33rd-match-icc-cricket-world-cup-2023
2023-11-02 10:41:40,https://www.google.com/search?q=cricket+pitch+in+metres&rlz=1C1VDKB_enIN1049IN1049&oq=cricket+pitch+in+metres&gs_lcrp=EgZjaHJvbWUyBggAEEUYOTIJCAEQABgKGIAEMggIAhAAGBYYHjIKCAMQABgKGBYYHjIICAQQABgWGB4yCAgFEAAYFhgeMgwIBhAAGAoYDxgWGB4yCAgHEAAYFhgeMgoICBAAGAoYFhgeMgwICRAAGAoYDxgWGB7SAQg5MDI0ajBqN6gCALACAA&sourceid=chrome&ie=UTF-8
2023-11-02 10:41:32,https://en.wikipedia.org/wiki/Cricket_pitch
2023-11-02 10:35:15,https://www.google.com/search?q=cricbuzz&rlz=1C1VDKB_enIN1049IN1049&oq=cricbuzz&gs_lcrp=EgZjaHJvbWUyCwgAEEUYJxg5GIoFMg0IARAAGIMBGLEDGIAEMg0IAhAAGIMBGLEDGIAEMg0IAxAAGIMBGLEDGIAEMg0IBBAAGIMBGLEDGIoFMg0IBRAAGIMBGLEDGIAEMgcIBhAAGIAEMgYIBxAFGECoAgCwAgA&sourceid=chrome&ie=UTF-8
2023-11-02 10:29:59,https://nwm.iitk.ac.in/?_task=mail&_caps=pdf%3D1%2Cflash%3D0%2Ctiff%3D0%2Cwebp%3D1&_uid=180983&_mbox=INBOX&_framed=1&_action=preview
2023-11-02 10:28:41,https://drive.google.com/file/d/1ygpAuuQeLh2ul-Y1Uf6L36jnYEJgJj5p/view
2023-11-02 10:28:33,https://nwm.iitk.ac.in/?_task=mail&_caps=pdf%3D1%2Cflash%3D0%2Ctiff%3D0%2Cwebp%3D1&_uid=180987&_mbox=INBOX&_framed=1&_action=preview
2023-11-02 10:27:26,https://drive.google.com/file/d/1Pq8ko4s1cbyhqRmrVQUh8FDBXMI-gY1p/view
2023-11-02 10:27:23,https://drive.google.com/file/d/1Pq8ko4s1cbyhqRmrVQUh8FDBXMI-gY1p/view?usp=sharing
2023-11-02 10:27:17,https://nwm.iitk.ac.in/?_task=mail&_caps=pdf%3D1%2Cflash%3D0%2Ctiff%3D0%2Cwebp%3D1&_uid=180988&_mbox=INBOX&_framed=1&_action=preview
2023-11-02 10:27:15,https://nwm.iitk.ac.in/?_task=mail&_caps=pdf%3D1%2Cflash%3D0%2Ctiff%3D0%2Cwebp%3D1&_uid=180990&_mbox=INBOX&_framed=1&_action=preview
2023-11-02 10:27:12,https://nwm.iitk.ac.in/?_task=mail&_caps=pdf%3D1%2Cflash%3D0%2Ctiff%3D0%2Cwebp%3D1&_uid=180992&_mbox=INBOX&_framed=1&_action=preview
2023-11-02 10:25:45,https://nwm.iitk.ac.in/?_task=mail&_caps=pdf%3D1%2Cflash%3D0%2Ctiff%3D0%2Cwebp%3D1&_uid=180994&_mbox=INBOX&_framed=1&_action=preview
2023-11-02 10:25:29,https://nwm.iitk.ac.in/?_task=mail&_caps=pdf%3D1%2Cflash%3D0%2Ctiff%3D0%2Cwebp%3D1&_uid=180996&_mbox=INBOX&_framed=1&_action=preview
2023-11-02 10:24:29,https://nwm.iitk.ac.in/?_task=mail&_caps=pdf%3D1%2Cflash%3D0%2Ctiff%3D0%2Cwebp%3D1&_uid=180998&_mbox=INBOX&_framed=1&_action=preview
2023-11-02 10:24:25,https://nwm.iitk.ac.in/?_task=mail&_mbox=INBOX&_token=zMqmKx0DSgEQlVnu3CFmWuoSNHlrqF4I
2023-11-02 10:24:05,https://www.youtube.com/watch?v=hPTKr7LdYPc
2023-11-02 08:59:27,https://www-aajtak-in.cdn.ampproject.org/v/s/www.aajtak.in/amp/uttar-pradesh/story/varanasi-iit-bhu-girl-student-molested-mobile-snatched-clothes-removed-and-then-obscene-photos-taken-in-banaras-hindu-university-campus-lclt-1811251-2023-11-02?amp_gsa=1&amp_js_v=a9&usqp=mq331AQIUAKwASCAAgM%3D#amp_tf=From%20%251%24s&aoh=16989155525687&referrer=https%3A%2F%2Fwww.google.com&ampshare=https%3A%2F%2Fwww.aajtak.in%2Futtar-pradesh%2Fstory%2Fvaranasi-iit-bhu-girl-student-molested-mobile-snatched-clothes-removed-and-then-obscene-photos-taken-in-banaras-hindu-university-campus-lclt-1811251-2023-11-02
2023-11-02 08:59:27,https://www-aajtak-in.cdn.ampproject.org/v/s/www.aajtak.in/amp/uttar-pradesh/story/varanasi-iit-bhu-girl-student-molested-mobile-snatched-clothes-removed-and-then-obscene-photos-taken-in-banaras-hindu-university-campus-lclt-1811251-2023-11-02?amp_gsa=1&amp_js_v=a9&usqp=mq331AQIUAKwASCAAgM%3D#amp_tf=From%20%251%24s&aoh=16989155525687&referrer=https%3A%2F%2Fwww.google.com
2023-11-02 05:46:17,https://www.google.com/search?q=pingala+iit+kanpur&oq=pin&gs_lcrp=EgZjaHJvbWUqCQgDECMYJxiKBTIGCAAQRRg8MgYIARBFGDkyBggCEEUYQTIJCAMQIxgnGIoFMgQIBBAFMgkIBRAjGCcYigUyEAgGEAAYkQIYsQMYyQMYigUyCggHEAAYkgMYigUyCggIEAAYkgMYigUyCggJEAAYkQIYigXSAQgyMDc0ajBqN6gCALACAA&client=ms-android-oppo-rvo3&sourceid=chrome-mobile&ie=UTF-8
2023-11-02 05:41:16,https://geographyfieldwork.com/WorldCapitalCities.htm
2023-11-02 05:00:49,https://www.google.com/search?q=faea&oq=faea+&gs_lcrp=EgZjaHJvbWUyBggAEEUYOTIKCAEQABixAxiABDINCAIQABiDARixAxiABDINCAMQABiDARixAxiABDIKCAQQABixAxiABDIECAUQBTIGCAYQRRhBMgoIBxAAGLEDGIAEMgcICBAAGIAEMgcICRAAGIAE0gEIMjIzOGowajeoAgCwAgA&client=ms-android-oppo-rvo3&sourceid=chrome-mobile&ie=UTF-8
2023-11-02 04:48:25,https://www.faeaindia.org/
2023-11-01 21:48:21,https://en.wikipedia.org/wiki/Rajendra_Gangani
2023-11-01 21:48:21,https://en.m.wikipedia.org/wiki/Rajendra_Gangani
2023-11-01 21:44:40,https://www.iitk.ac.in/dosa/staff-of-dosa
2023-11-01 19:40:37,https://www.youtube.com/shorts/5SNY3tcgvaw
2023-11-01 19:40:35,https://youtube.com/shorts/5SNY3tcgvaw?si=1jnmEnli8wLh4MZu
2023-11-01 19:40:35,https://www.youtube.com/shorts/5SNY3tcgvaw?si=1jnmEnli8wLh4MZu
2023-11-01 18:45:02,https://m.youtube.com/channel/UCHJ-zINlZnOh3UQMo1lcuZw/videos
2023-11-01 18:45:02,https://www.youtube.com/channel/UCHJ-zINlZnOh3UQMo1lcuZw/videos?app=desktop
2023-11-01 18:44:58,https://www.google.com/search?q=baquer+mazhari+ESC201+lecture+30&rlz=1C1VDKB_enIN1049IN1049&oq=baquer+mazhari+ESC201+lecture+30&gs_lcrp=EgZjaHJvbWUyBggAEEUYOTIJCAEQIRgKGKABMgkIAhAhGAoYoAEyBwgDECEYjwIyBwgEECEYjwLSAQkxNjcyN2owajeoAgCwAgA&sourceid=chrome&ie=UTF-8
2023-11-01 18:41:26,https://www.youtube.com/watch?v=X3u2VsX_riA&list=PLTFMW-rP7fuqMiK174et4SKbbMKd4VjdU&index=41
2023-11-01 18:34:09,https://www.youtube.com/watch?v=c9RrN0D5fdc&list=PLTFMW-rP7fuqMiK174et4SKbbMKd4VjdU&index=40
2023-11-01 12:11:29,https://hello.iitk.ac.in/sites/default/files/esc201sem12324/resources/0134f751170e337c9956de03c8231f3b5b50494f0e3addaa8b9a46f65a58aa81_ESC201A%202022-23%20II%20LabSchedule%20Rev%2010-23.pdf
2023-11-01 12:09:06,https://www.google.com/search?q=student+search&rlz=1C1VDKB_enIN1049IN1049&oq=student&gs_lcrp=EgZjaHJvbWUqCwgAEEUYJxg7GIoFMgsIABBFGCcYOxiKBTIJCAEQRRg5GIAEMgYIAhBFGDwyBggDEEUYPDIGCAQQRRg9MgYIBRBFGEEyBggGEEUYQTIGCAcQRRg80gEIMzY0NGowajeoAgCwAgA&sourceid=chrome&ie=UTF-8
2023-11-01 12:00:02,https://hello.iitk.ac.in/sites/default/files/esc201sem12324/resources/d5791886d846eca58cc0c668f0bf1876f7f553d77d2f0a4426861b70ca90b4e3_ESC201%20Assignment%208%20Solution.pdf
2023-11-01 11:58:59,https://www.google.com/search?q=How+many+bits+are+required+to+represent+decimal+numbers+less+than+or+equal+to+106+%3F&sca_esv=578470951&rlz=1C1VDKB_enIN1049IN1049&sxsrf=AM9HkKmgaGkM26A6IWHEJxOki9Y5Sb5SMg%3A1698839873030&ei=QT1CZc23AbHhseMPw9iJmA4&ved=0ahUKEwiN3KXZ36KCAxWxcGwGHUNsAuMQ4dUDCBA&uact=5&oq=How+many+bits+are+required+to+represent+decimal+numbers+less+than+or+equal+to+106+%3F&gs_lp=Egxnd3Mtd2l6LXNlcnAiU0hvdyBtYW55IGJpdHMgYXJlIHJlcXVpcmVkIHRvIHJlcHJlc2VudCBkZWNpbWFsIG51bWJlcnMgbGVzcyB0aGFuIG9yIGVxdWFsIHRvIDEwNiA_SABQAFgAcAB4AJABAJgBAKABAKoBALgBA8gBAPgBAeIDBBgAIEE&sclient=gws-wiz-serp
2023-11-01 11:58:11,https://www.google.com/search?q=What+is+the+largest+decimal+number+that+you+can+represent+using+8bits%3F+How+many+bits+are+required+to+represent+decimal+numbers+less+than+or+equal+to+106+%3F&rlz=1C1VDKB_enIN1049IN1049&oq=What+is+the+largest+decimal+number+that+you+can+represent+using+8bits%3F+How+many+bits+are+required+to+represent+decimal+numbers+less+than+or+equal+to+106+%3F&gs_lcrp=EgZjaHJvbWUyBggAEEUYOdIBBzQ0M2owajeoAgCwAgA&sourceid=chrome&ie=UTF-8
2023-11-01 11:58:02,https://www.google.com/search?sca_esv=578470951&rlz=1C1VDKB_enIN1049IN1049&sxsrf=AM9HkKmgaGkM26A6IWHEJxOki9Y5Sb5SMg:1698839873030&q=What+is+the+largest+decimal+number+that+you+can+represent+using+8+bits?+How+many+bits+are+required+to+represent+decimal+numbers+less+than+or+equal+to+106+?&spell=1&sa=X&ved=2ahUKEwiN3KXZ36KCAxWxcGwGHUNsAuMQBSgAegQICBAB&biw=1536&bih=739&dpr=1.25
2023-11-01 11:17:54,https://www.resecurity.com/blog/article/pii-belonging-to-indian-citizens-including-their-aadhaar-ids-offered-for-sale-on-the-dark-web
2023-11-01 10:51:05,https://www.youtube.com/watch?v=X3u2VsX_riA&list=PLTFMW-rP7fuqMiK174et4SKbbMKd4VjdU&index=42
2023-11-01 10:51:02,https://www.youtube.com/watch?v=X3u2VsX_riA&list=PLTFMW-rP7fuqMiK174et4SKbbMKd4VjdU&index=41&pp=iAQB
2023-11-01 09:14:16,https://www.youtube.com/watch?v=HLnH0qUj2zw&list=PLTFMW-rP7fuqMiK174et4SKbbMKd4VjdU&index=39
2023-11-01 08:30:32,https://www.icc-cricket.com/rankings/mens/player-rankings/odi/bowling
2023-11-01 08:30:26,https://www.icc-cricket.com/news/3762758
2023-11-01 08:27:32,https://www.google.com/search?q=bacqueri+maz+youtube&rlz=1C1VDKB_enIN1049IN1049&oq=bac&gs_lcrp=EgZjaHJvbWUqCAgBEEUYJxg7MgYIABBFGDkyCAgBEEUYJxg7MgYIAhBFGDsyDwgDEAAYQxiDARixAxiKBTINCAQQABiDARixAxiABDIJCAUQABhDGIoFMgoIBhAAGLEDGIAEMgYIBxBFGDzSAQg0NzYzajBqN6gCALACAA&sourceid=chrome&ie=UTF-8
2023-11-01 07:07:50,https://eci.gov.in/electoral-roll/electoral-roll/
2023-11-01 07:07:47,https://eci.gov.in/files/category/356-forms-for-registration-in-e-roll/
2023-11-01 07:05:00,https://eci.gov.in/files/file/4826-form-8-application-form-for-shifting-of-residencecorrection-of-entries-in-existing-electoral%C2%A0rollreplacement-of-epicmarking-of-pwd/
2023-11-01 06:55:29,https://www.nvsp.in/
2023-11-01 06:53:58,http://servicevoter.nic.in/
2023-11-01 06:53:58,https://servicevoter.nic.in/
2023-11-01 06:53:58,https://servicevoter.eci.nic.in/
2023-11-01 06:51:28,https://www.google.com/search?q=eci.nic.in.up+voter+list+2023&oq=eci&aqs=chrome.1.69i57j35i39i650j46i199i273i433i465i650j0i131i433i650j0i512l2j0i433i512j0i512j0i433i650l2j0i512l2j0i131i433i512j0i433i512l2.6393j0j8&client=tablet-android-lenovo&sourceid=chrome-mobile&ie=UTF-8
2023-11-01 06:13:35,https://www.google.com/search?q=elections+through+block+chain&oq=elections+through+block+chain&gs_lcrp=EgZjaHJvbWUyBggAEEUYOTIJCAEQIRgKGKABMgkIAhAhGAoYoAEyCQgDECEYChigAdIBCDc0OTZqMGo3qAIAsAIA&client=ms-android-oppo-rvo3&sourceid=chrome-mobile&ie=UTF-8
2023-11-01 06:12:10,https://www.moneycontrol.com/msite/wazirx-cryptocontrol-articles/how-blockchain-can-facilitate-free-and-fair-elections-in-india/
2023-11-01 06:11:42,https://cfi.iitm.ac.in/competition-teams/igem
2023-11-01 06:10:26,https://cfi.iitm.ac.in/achievements#students-of-webops-and-blockchain-club-conducts-the-first-ever-blockchain-based-elections-in-india
2023-11-01 06:10:06,https://cfi.iitm.ac.in/
2023-11-01 06:10:00,https://www.google.com/search?q=cfi+hub+iit+madras&oq=cfi+hub+iit&gs_lcrp=EgZjaHJvbWUqCQgEECEYChigATIGCAAQRRg5MgkIARAhGAoYoAEyCQgCECEYChigATIJCAMQIRgKGKABMgkIBBAhGAoYoAHSAQg4MDk4ajBqN6gCALACAA&client=ms-android-oppo-rvo3&sourceid=chrome-mobile&ie=UTF-8
2023-11-01 05:21:39,https://nwm.iitk.ac.in/?_task=mail&_caps=pdf%3D0%2Cflash%3D0%2Ctiff%3D0%2Cwebp%3D1&_uid=180908&_mbox=INBOX&_framed=1&_search=dc17c6908fe6ed66d521150f416b3f9f&_action=preview
2023-11-01 05:21:07,https://github.com/valayash/Courses/blob/main/SEM%203/MTH207/Lecture%20Slides/03.%20Derivatives.pdf
2023-11-01 04:51:55,https://nwm.iitk.ac.in/?_task=mail&_caps=pdf%3D0%2Cflash%3D0%2Ctiff%3D0%2Cwebp%3D1&_uid=180738&_mbox=INBOX&_framed=1&_search=7c06de4fd66f1c89fe011a028c6b860f&_action=preview
2023-11-01 04:50:08,https://nwm.iitk.ac.in/?_task=mail&_caps=pdf%3D0%2Cflash%3D0%2Ctiff%3D0%2Cwebp%3D1&_uid=180659&_mbox=INBOX&_framed=1&_search=7c06de4fd66f1c89fe011a028c6b860f&_action=preview
2023-11-01 04:49:44,https://nwm.iitk.ac.in/?_task=mail&_token=8E4KtORVc5PFSdLkut4MeTtLQ6G0NiWJ
2023-11-01 03:24:03,https://epaper.eenadu.net/Home/Index?date=01/11/2023&eid=3&pid=2393769
2023-11-01 03:23:58,https://epaper.eenadu.net/Home/Index?date=01/11/2023&eid=3&pid=2393765
2023-11-01 03:23:55,https://epaper.eenadu.net/Home/Index?date=01/11/2023&eid=3&pid=2393763
2023-11-01 03:23:49,https://epaper.eenadu.net/Home/Index?date=01/11/2023&eid=3&pid=2393761
2023-11-01 03:18:32,https://epaper.eenadu.net/Home/Index?date=01/11/2023&eid=3&pid=2393759
2023-11-01 03:17:34,https://epaper.eenadu.net/Home/Index?date=01/11/2023&eid=3&pid=2393757
2023-11-01 03:17:30,https://epaper.eenadu.net/Home/Index?date=01/11/2023&eid=3&pid=2393755
2023-11-01 03:17:23,https://epaper.eenadu.net/Home/Index?date=01/11/2023&eid=3&pid=2393753
2023-11-01 03:17:09,https://epaper.eenadu.net/Home/Index?date=01/11/2023&eid=3&pid=2393751
2023-11-01 03:16:46,https://epaper.eenadu.net/Home/Index?date=01/11/2023&eid=3&pid=2393749
2023-11-01 03:16:44,https://epaper.eenadu.net/Home/Index?date=01/11/2023&eid=3&pid=2393747
2023-11-01 03:16:18,https://epaper.eenadu.net/Home/Index?date=01/11/2023&eid=3&pid=2393745
2023-11-01 03:15:38,https://epaper.eenadu.net/Home/Index?date=01/11/2023&eid=3&pid=2393744
2023-11-01 03:15:26,https://www.youtube.com/embed/YXmH2lrIoM8
2023-11-01 03:11:30,https://epaper.eenadu.net/Home/Index?date=01/11/2023&eid=3&pid=2394315
2023-11-01 03:11:29,https://epaper.eenadu.net/Home/Index?date=01/11/2023&eid=3&pid=2393742
2023-11-01 03:11:21,https://epaper.eenadu.net/Home/Index?date=01/11/2023&eid=3&pid=2393740
2023-11-01 03:11:20,https://epaper.eenadu.net/Home/Index?date=01/11/2023&eid=3
2023-11-01 03:11:04,https://www.google.com/search?q=eenadu+epaper&oq=&gs_lcrp=EgZjaHJvbWUqCQgBECMYJxjqAjIJCAAQIxgnGOoCMgkIARAjGCcY6gIyCQgCECMYJxjqAjIJCAMQIxgnGOoCMgkIBBAjGCcY6gIyCQgFECMYJxjqAjIJCAYQIxgnGOoCMgkIBxAjGCcY6gIyCQgIECMYJxjqAjIJCAkQIxgnGOoCMgkIChAjGCcY6gIyCQgLECMYJxjqAjIJCAwQIxgnGOoCMgkIDRAjGCcY6gIyCQgOECMYJxjqAjIRCA8QABgDGEIYjwEYtAIY6gIyEQgQEAAYAxhCGI8BGLQCGOoCMhEIERAAGAMYQhiPARi0AhjqAjIRCBIQABgDGEIYjwEYtAIY6gIyEQgTEAAYAxhCGI8BGLQCGOoC0gEGLTFqMGo3qAIUsAIB&client=ms-android-oppo-rvo3&sourceid=chrome-mobile&ie=UTF-8
2023-11-01 03:10:56,https://www.google.com/search?client=ms-android-oppo-rvo3&sca_esv=578190303&sxsrf=AM9HkKmTJmOzMTMNtwXYkdN-op90eg0fwg:1698770105512&q=Bangladesh+vs+Pakistan&stick=H4sIAAAAAAAAAOMwe8S4mJFb4OWPe8JSMxknrTl5jXESI5dAcEF-UUmxb2JJcoZ7UX5pgVASF09AYlFJZnJmQWJeSbFQkFAAlyiSSFixf0FBfl5qXomQDBc3koQQrxQ3F6d-rr6BsUW8WbmQJBcHXCWylEGVkBQXK9hGIUEpfi5e_XR9Q8PswhyzHOMkU55FrGJOiXnpOYkpqcUZCmXFCgGJ2ZnFJYl5AEzga8LCAAAA&ved=2ahUKEwitpsbl26CCAxUNTWwGHZGvDccQ3_IBegQIFBAm#wptab=si:ALGXSlbrya74krh20aXeBjRpGDMWB2Xxcm8AmA_RDAR_15dv2T1Ez-4mDVzZ_b1SPmlms4UXz7OYlmr5oYPwDL10fKJJhNe3xbDQ3dB2MP-DEYEAEA56aSLVVyydN8R7mZccpjk2-Xbo1AWEvKQghZ76Zj0BbH_V4RfnWIXxAplEwY0A1piAYMfklYItz22f-cAPoX2PbPPyD2ghwfBRxNLwfrK5SaW0DKNyRn27WFcj0et9fT_ZJjkG72uwvFcTa6Gie2VlX6rk2nDTUZSI9wUX6SGB9ndHCOfMzslpiodpjmmxvnIzqbVksHXwbDOvDdVCPujQ0uw_ZXUEuKO_ah7ELR-KNNot42OipFBK8NUUU5E8VdI9zatGX9poZF_cxrmtQEEUyHZH
2023-10-31 17:29:29,https://www.youtube.com/watch?v=X-iY7-RrpPI&list=PLTFMW-rP7fuqMiK174et4SKbbMKd4VjdU&index=39
2023-10-31 17:29:27,https://www.youtube.com/watch?v=X-iY7-RrpPI&list=PLTFMW-rP7fuqMiK174et4SKbbMKd4VjdU&index=38
2023-10-31 17:29:18,https://nwm.iitk.ac.in/?_task=mail&_caps=pdf%3D1%2Cflash%3D0%2Ctiff%3D0%2Cwebp%3D1&_uid=177610&_mbox=INBOX&_framed=1&_action=preview
2023-10-31 17:29:15,https://nwm.iitk.ac.in/?_task=mail&_token=VBa0nfJNVCjZl6Dcq9YJrJg7a4qzg8a8
2023-10-31 16:35:15,https://www.google.com/search?client=ms-android-oppo-rvo3&sca_esv=578190303&sxsrf=AM9HkKmTJmOzMTMNtwXYkdN-op90eg0fwg:1698770105512&q=Bangladesh+vs+Pakistan&stick=H4sIAAAAAAAAAOMwe8S4mJFb4OWPe8JSMxknrTl5jXESI5dAcEF-UUmxb2JJcoZ7UX5pgVASF09AYlFJZnJmQWJeSbFQkFAAlyiSSFixf0FBfl5qXomQDBc3koQQrxQ3F6d-rr6BsUW8WbmQJBcHXCWylEGVkBQXK9hGIUEpfi5e_XR9Q8PswhyzHOMkU55FrGJOiXnpOYkpqcUZCmXFCgGJ2ZnFJYl5AEzga8LCAAAA&ved=2ahUKEwitpsbl26CCAxUNTWwGHZGvDccQ3_IBegQIFBAm
2023-10-31 16:35:04,https://www.google.com/search?q=cwc+2023&oq=&gs_lcrp=EgZjaHJvbWUqCQgAECMYJxjqAjIJCAAQIxgnGOoCMgkIARAjGCcY6gIyCQgCECMYJxjqAjIJCAMQIxgnGOoCMgkIBBAjGCcY6gIyCQgFECMYJxjqAjIJCAYQIxgnGOoCMgkIBxAjGCcY6gIyCQgIECMYJxjqAjIVCAkQLhgnGK8BGMcBGLoCGOoCGI4FMgkIChAjGCcY6gIyCQgLECMYJxjqAjIJCAwQIxgnGOoCMgkIDRAjGCcY6gIyCQgOECMYJxjqAjIPCA8QLhgDGI8BGLQCGOoCMhEIEBAAGAMYQhiPARi0AhjqAjIRCBEQABgDGEIYjwEYtAIY6gIyEQgSEAAYAxhCGI8BGLQCGOoCMhEIExAAGAMYQhiPARi0AhjqAtIBBi0xajBqN6gCFLACAQ&client=ms-android-oppo-rvo3&sourceid=chrome-mobile&ie=UTF-8
2023-10-31 16:34:49,https://www.google.com/search?q=student+search&oq=student+search+&gs_lcrp=EgZjaHJvbWUyBggAEEUYOTIJCAEQIxgnGIoFMgcIAhAAGIAEMgoIAxAAGLEDGIAEMgcIBBAAGIAEMgcIBRAAGIAEMgcIBhAAGIAEMgcIBxAAGIAEMgcICBAAGIAEMgcICRAAGIAEMgcIChAAGIAEMgcICxAAGIAEMgcIDBAAGIAEMgcIDRAAGIAEMgcIDhAAGIAE0gEIMzc5MmowajeoAgCwAgA&client=ms-android-oppo-rvo3&sourceid=chrome-mobile&ie=UTF-8
2023-10-31 12:48:43,https://www.google.com/search?q=spo&oq=spo&gs_lcrp=EgZjaHJvbWUyCwgAEEUYJxg5GIoFMgYIARBFGEEyBggCEEUYPDIGCAMQRRg9MgoIBBAAGJECGIoFMgYIBRBFGDwyBggGEEUYPDINCAcQABiDARixAxiABDINCAgQABiDARixAxiABDINCAkQABiDARixAxiABNIBCDEyMDNqMGo3qAIAsAIA&client=ms-android-oppo-rvo3&sourceid=chrome-mobile&ie=UTF-8
2023-10-31 12:48:20,https://spo.iitk.ac.in/placement-coordinators
2023-10-31 12:48:07,https://www.risein.com/bootcamp-details/solana-bootcamp/learner/discord_connect/FXAtoNgCKyg5NDYhT
2023-10-31 11:44:28,https://currentaffairs-adda247-com.cdn.ampproject.org/v/s/currentaffairs.adda247.com/ipl-auction-2024-check-date-venue-released-players-list/amp/?amp_gsa=1&amp_js_v=a9&usqp=mq331AQGsAEggAID#amp_tf=From%20%251%24s&aoh=16987526603301&csi=0&referrer=https%3A%2F%2Fwww.google.com&ampshare=https%3A%2F%2Fcurrentaffairs.adda247.com%2Fipl-auction-2024-check-date-venue-released-players-list%2F
2023-10-31 11:44:27,https://currentaffairs-adda247-com.cdn.ampproject.org/v/s/currentaffairs.adda247.com/ipl-auction-2024-check-date-venue-released-players-list/amp/?amp_gsa=1&amp_js_v=a9&usqp=mq331AQGsAEggAID#amp_tf=From%20%251%24s&aoh=16987526603301&csi=0&referrer=https%3A%2F%2Fwww.google.com
2023-10-31 11:40:55,https://www.youtube.com/@baquermazhari8968/videos
2023-10-31 11:10:45,https://www.risein.com/bootcamp-details/solana-bootcamp/learner/background_survey/NkXRCqrKjAkEipWWC
2023-10-31 11:10:33,https://www.risein.com/undefined/solana-bootcamp/learner/discord_connect/FXAtoNgCKyg5NDYhT
2023-10-31 11:06:37,https://www.risein.com/bootcamp-details/solana-bootcamp/learner/content/XdFpuMhGmN3dbMu9N
2023-10-31 11:06:35,https://www.risein.com/bootcamp-details/solana-bootcamp/learner
2023-10-31 11:06:23,https://www.risein.com/bootcamps/solana-bootcamp/apply/application
2023-10-31 11:05:50,https://www.risein.com/bootcamps/solana-bootcamp/apply/complete-profile
2023-10-31 11:05:48,https://www.risein.com/bootcamps/solana-bootcamp/apply/sign-in
2023-10-31 11:05:44,https://accounts.google.com/signin/oauth/consent?authuser=2&part=AJi8hAMA0KUeWiMzhU1scRe6T3Qcp-OkmZ9hpM7mKdfVEaeReDb3qaJQTVkFztwAnAT2WNO_OIYqiyb9DP7W5inmE0YkKoOZWwSLkdVH8w_dDPvR10zLHyIxcfdMoHOp7T8E1SLHBXkHTFzgFdLmweI21GIqWp4djnydb16KBvK0RCNQ_Bl8yksTumyYUqtVcS-xcwGEIWx2OpeCWICDds-1FJs7Db4_KzDiHVO6w8DnWfqYIuY9s6-ROuFY5o2rmdi6mAZbW9-JHIA8h3Lb6mDR0wmvtwwqFfueiEWnqXqmIydcIcX0M1n8jV_5AmTpkeSdA-XpRh54WHWWzjDM-i929dMeS7UNVjechcg8fkQot3o9rUr4kwiy1QdYozYfm7nLOP5L-p4gRE75hhG2IKEdz8ePAFjxjBTmk_Hr0kll73TYzcDI1sWvSQeTVkqvVKIJtl3zvlJSEuqAx1tx0dDuLwipI0zYyA&as=S-888687586%3A1698750341075239&client_id=365703746724-o06a7ka78dds6ne6nl6k1b7i0fa677e4.apps.googleusercontent.com&theme=glif&pli=1&rapt=AEjHL4NNNz27LL8HId34syLpE4g_o1myWhhc-v2geJm1QUp7k8L_JpFyTbYQDfOQZ7PPJNHZrXrDg6TJdGbqzkyFaL38Pkv8_w#
2023-10-31 11:05:44,https://www.risein.com/api/auth/callback/google?state=SL7IYs0jbj9RKnAkg2QYetg1uZXymmuCCBPpWwbi4c0&code=4%2F0AfJohXnYidSediCokfMqoPPgW0JWjIvGP0zSvuD1qtm_GByBWreoqrJDRnuQ-okWv9EAEg&scope=email+profile+openid+https%3A%2F%2Fwww.googleapis.com%2Fauth%2Fuserinfo.email+https%3A%2F%2Fwww.googleapis.com%2Fauth%2Fuserinfo.profile&authuser=2&prompt=consent
2023-10-31 11:05:41,https://accounts.google.com/o/oauth2/v2/auth/oauthchooseaccount?client_id=365703746724-o06a7ka78dds6ne6nl6k1b7i0fa677e4.apps.googleusercontent.com&scope=openid%20email%20profile&response_type=code&redirect_uri=https%3A%2F%2Fwww.risein.com%2Fapi%2Fauth%2Fcallback%2Fgoogle&state=SL7IYs0jbj9RKnAkg2QYetg1uZXymmuCCBPpWwbi4c0&code_challenge=NMIzoTcyg2dBIcmQaCqy-jvUro9G01X4idqt2_lQnPw&code_challenge_method=S256&service=lso&o2v=2&theme=glif&flowName=GeneralOAuthFlow
2023-10-31 11:05:41,https://accounts.google.com/o/oauth2/v2/auth?client_id=365703746724-o06a7ka78dds6ne6nl6k1b7i0fa677e4.apps.googleusercontent.com&scope=openid%20email%20profile&response_type=code&redirect_uri=https%3A%2F%2Fwww.risein.com%2Fapi%2Fauth%2Fcallback%2Fgoogle&state=SL7IYs0jbj9RKnAkg2QYetg1uZXymmuCCBPpWwbi4c0&code_challenge=NMIzoTcyg2dBIcmQaCqy-jvUro9G01X4idqt2_lQnPw&code_challenge_method=S256&service=lso&o2v=2&theme=glif
2023-10-31 11:05:40,https://accounts.google.com/o/oauth2/v2/auth?client_id=365703746724-o06a7ka78dds6ne6nl6k1b7i0fa677e4.apps.googleusercontent.com&scope=openid%20email%20profile&response_type=code&redirect_uri=https%3A%2F%2Fwww.risein.com%2Fapi%2Fauth%2Fcallback%2Fgoogle&state=SL7IYs0jbj9RKnAkg2QYetg1uZXymmuCCBPpWwbi4c0&code_challenge=NMIzoTcyg2dBIcmQaCqy-jvUro9G01X4idqt2_lQnPw&code_challenge_method=S256
2023-10-31 11:04:21,https://bit.ly/RiseIn-IITKanpur
2023-10-31 11:04:21,https://www.risein.com/bootcamps/solana-bootcamp?utm_source=Offline&utm_medium=partnerships&utm_campaign=IIT+Kanpur
2023-10-31 11:03:56,https://www.instagram.com/p/Cy-4Fbsx6Kp/?hl=en
2023-10-31 11:03:34,https://www.instagram.com/fac.iitk/?hl=en
2023-10-31 11:03:26,https://www.google.com/search?gs_ssp=eJwNw0EKgCAQAEC6Br0hL51dy9T1Cf3CNQtJvGhhv6-B6Qd-ciGKAfMUsUJnJ2gLol-0kTPhvgbSFpoi7QTJQ0qFEDRu4xGzyz4wl_e_S2-NvjCfbmIx1usDIHEaRQ&q=finance+and+analytics+club+iitk&oq=finance+and+&gs_lcrp=EgZjaHJvbWUqEAgAEC4YrwEYxwEYugIYgAQyEAgAEC4YrwEYxwEYugIYgAQyCggBEAAY4wIYgAQyBwgCEAAYgAQyBggDEEUYOTINCAQQABiDARixAxiABDIHCAUQABiABDIHCAYQABiABDIHCAcQABiABDIHCAgQABiABDIHCAkQABiABDIHCAoQABiABDINCAsQABiDARixAxiABDIHCAwQABiABDIHCA0QABiABDIHCA4QABiABNIBCDcyNzBqMWo0qAIAsAIA&client=ms-android-oppo-rvo3&sourceid=chrome-mobile&ie=UTF-8
2023-10-31 11:03:17,https://epaper.eenadu.net/Home/Index?date=31/10/2023&eid=3&pid=2392389
2023-10-31 11:02:01,https://unstop.com/hackathons/quant-quest-by-algobulls-iit-kanpur-800786
2023-10-31 11:01:52,https://nwm.iitk.ac.in/?_task=mail&_caps=pdf%3D1%2Cflash%3D0%2Ctiff%3D0%2Cwebp%3D1&_uid=177592&_mbox=INBOX&_framed=1&_search=1ad7bcee5850f84203bd09ba4951068d&_action=preview
2023-10-31 11:01:45,https://nwm.iitk.ac.in/?_task=mail&_caps=pdf%3D1%2Cflash%3D0%2Ctiff%3D0%2Cwebp%3D1&_uid=177413&_mbox=INBOX&_framed=1&_search=1ad7bcee5850f84203bd09ba4951068d&_action=preview
2023-10-31 11:01:43,https://nwm.iitk.ac.in/?_task=mail&_caps=pdf%3D1%2Cflash%3D0%2Ctiff%3D0%2Cwebp%3D1&_uid=177434&_mbox=INBOX&_framed=1&_search=1ad7bcee5850f84203bd09ba4951068d&_action=preview
2023-10-31 11:01:18,https://nwm.iitk.ac.in/?_task=mail&_caps=pdf%3D1%2Cflash%3D0%2Ctiff%3D0%2Cwebp%3D1&_uid=177500&_mbox=INBOX&_framed=1&_search=1ad7bcee5850f84203bd09ba4951068d&_action=preview
2023-10-31 11:01:12,https://nwm.iitk.ac.in/?_task=mail&_caps=pdf%3D1%2Cflash%3D0%2Ctiff%3D0%2Cwebp%3D1&_uid=177521&_mbox=INBOX&_framed=1&_search=1ad7bcee5850f84203bd09ba4951068d&_action=preview
2023-10-31 11:00:27,https://nwm.iitk.ac.in/?_task=mail&_caps=pdf%3D1%2Cflash%3D0%2Ctiff%3D0%2Cwebp%3D1&_uid=177586&_mbox=INBOX&_framed=1&_action=preview
2023-10-31 11:00:22,https://nwm.iitk.ac.in/?_task=mail&_caps=pdf%3D1%2Cflash%3D0%2Ctiff%3D0%2Cwebp%3D1&_uid=177598&_mbox=INBOX&_framed=1&_action=preview
2023-10-31 11:00:04,https://nwm.iitk.ac.in/?_task=mail&_frame=1&_mbox=INBOX&_uid=177599&_part=2&_action=get&_extwin=1
2023-10-31 11:00:00,https://nwm.iitk.ac.in/?_task=mail&_caps=pdf%3D1%2Cflash%3D0%2Ctiff%3D0%2Cwebp%3D1&_uid=177599&_mbox=INBOX&_framed=1&_action=preview
2023-10-31 10:59:56,https://nwm.iitk.ac.in/?_task=mail&_token=QI80IlarZeDe36F1NlwM7yTknLkWWD1c
2023-10-31 09:42:03,https://td.doubleclick.net/td/fls/rul/activityi;fledge=1;src=4736850;type=birth0;cat=bms-b0;ord=4504803189444;auiddc=724835744.1697714030;ps=1;pcor=1916934201;gtm=45He3ap0v76179510;gcd=11l1l1l1l1;uaa=;uab=;uafvl=Chromium%3B118.0.5993.111%7CGoogle%2520Chrome%3B118.0.5993.111%7CNot%253DA%253FBrand%3B99.0.0.0;uamb=1;uam=RMX3286;uap=Android;uapv=12.0.0;uaw=0;epver=2;~oref=https%3A%2F%2Fin.bookmyshow.com%2Fevents%2Fed-sheeran-tour%2FET00373677?
2023-10-31 09:42:02,https://in.bookmyshow.com/events/ed-sheeran-tour/ET00373677
2023-10-31 09:41:02,https://in.bookmyshow.com/events/ed-sheeran-tour/seat-layout/aerialcanvas/ET00373677/MMCR/10050
2023-10-31 09:40:36,https://www.viagogo.com/in/Concert-Tickets/Rock-and-Pop/Ed-Sheeran-Tickets?AffiliateID=49&adposition=&PCID=PSINGOOCONEDSHFAE27822B47&AdID=678144176112&MetroRegionID=&psc=%2c&ps=cc-IN&ps_p=0&ps_c=1050101483&ps_ag=153267400045&ps_tg=kwd-330522754304&ps_ad=678144176112&ps_adp=%2c&ps_fi=%2c&ps_li=%2c&ps_lp=9301453&ps_n=g&ps_d=m&ps_ex=&gad_source=1&gclid=Cj0KCQjwy4KqBhD0ARIsAEbCt6iBbFb3Rg2TxjNqnifC926yLdhvNb0nP6b3lMs7q8eL52jiITxmgs8aAn3lEALw_wcB
2023-10-31 09:40:15,https://www.viagogo.com/in/Concert-Tickets/Rock-and-Pop/Ed-Sheeran-Tickets/E-152479922
2023-10-31 09:40:07,https://www.googleadservices.com/pagead/aclk?sa=L&ai=DChcSEwimvf2C_5-CAxW5F4MDHU78AYQYABAAGgJzZg&ae=2&dsh=1&agsac=Yk1PBrduGXQ&gclid=Cj0KCQjwy4KqBhD0ARIsAEbCt6iBbFb3Rg2TxjNqnifC926yLdhvNb0nP6b3lMs7q8eL52jiITxmgs8aAn3lEALw_wcB&cit=CkQKCAjwy4KqBhBxEjQA-j8IuBgFvlc5Np0SjKoRFVXRPZzfL-27352Z7RhUwM986ATT0SKdVX2rT1PqDYurWevbGgIUO_D_BwE&ohost=www.google.com&cid=CAESxAHg9oRxRRWebQ0-JxX5gzEyA6wICNSe4n25WdTeVnWge9CJXQ7GxB7tfVGEZs0dq5Xtosz7yIz7Fe0W2wwIDCo56whXKr1HqcOxmM4O1mzyKF7UJrAXB7BCczWr4PRN4cbg1WPM5rllHLUWVGWPfZuaTzUbr77cjoO0XmDXZSKBW2nb9rFyYLzJo0IMy8EaHy2sYiPyNMUD43p0CwbobreXf6T0tffZTOvjod1ziYO47fdWkopD94hUHbGYzyyNcpNonLMU&sig=AOD64_1yJGGk1tnBvvPXbIyXqcM9mvpgAQ&q&adurl&ved=2ahUKEwie4_aC_5-CAxW_bmwGHavAC4YQ0Qx6BAgIEAE&ms=CoACRHKWNDxa7S2xX1NmYMyLCXhqcfcKre7NflzSBe4LroJaeu8cUWQTScUPwcMTHPE6MlaINdPgqaNK8ugzPA0UxKmYpPOqg-4_donLSTHzScQBAioxFX1ErYnR9fjYGSUzJmnHjRXHEslo8zEgRhzDJWB5nGdWotSsEsHHLgCHWKrMOH2-d3BSTA9WcpoJLAFMeG_a5A5_Eb5e0qX_PQIi9saBLp6HOK0IYjmJuwbFhe41gOcWz3Zc97z5sGUP9wNJz-ErImMuGjXIKOoizwSLAopMykW398NwZSUXiL4X0gyQdm6kvXUNbHOYSoaXg7dsx4PoOn1BaafyJy-doPL-XwqAAnreu4-2RTbME5bKnyP2C5Ks9GH1Tml6EQST2SCQkjVh_t5IPp5mnWuQi4pNpYyeVdpqUinpf-YEGt9JRAWDH6T23sCGUsLUqt04yBQ3S36zMAQi8UuXPqcKSPhKtiS2Y_k9yrJzVX3puVwliJ9X1wks7NuoLNDU1Z8ZgxLAk2q6s2J1vhImePCtVvk2ZKuL4jrjWkV1A-jCLgAwM4Xydi-2mgthWCq_IDgjZM4S25kZAtUqfG4a39wItnMdjEvsBCmuIELC9W7ozgHtz7c4JYT4mUi1PWY0cG2JS96CNMvgoy68E1jzLOnhv_GqJ-xep-Q2rC7sSdMcBhns4Qw9q9gSEBJ1Lw7kpMatx-L_chIF6pA&dct=1
2023-10-31 09:40:07,http://www.viagogo.com/in/_C-21043?AffiliateID=49&adposition=&LCID=2057&PCID=PSINGOOCONEDSHFAE27822B47&AdID=678144176112&MetroRegionID=&psc=&ps=cc-IN&ps_p=0&ps_c=1050101483&ps_ag=153267400045&ps_tg=kwd-330522754304&ps_ad=678144176112&ps_adp=&ps_fi=&ps_li=&ps_lp=9301453&ps_n=g&ps_d=m&ps_ex=&gad_source=1&gclid=Cj0KCQjwy4KqBhD0ARIsAEbCt6iBbFb3Rg2TxjNqnifC926yLdhvNb0nP6b3lMs7q8eL52jiITxmgs8aAn3lEALw_wcB
2023-10-31 09:40:07,https://www.viagogo.com/in/_C-21043?AffiliateID=49&adposition=&LCID=2057&PCID=PSINGOOCONEDSHFAE27822B47&AdID=678144176112&MetroRegionID=&psc=&ps=cc-IN&ps_p=0&ps_c=1050101483&ps_ag=153267400045&ps_tg=kwd-330522754304&ps_ad=678144176112&ps_adp=&ps_fi=&ps_li=&ps_lp=9301453&ps_n=g&ps_d=m&ps_ex=&gad_source=1&gclid=Cj0KCQjwy4KqBhD0ARIsAEbCt6iBbFb3Rg2TxjNqnifC926yLdhvNb0nP6b3lMs7q8eL52jiITxmgs8aAn3lEALw_wcB
2023-10-31 09:40:07,https://www.viagogo.com/in/Concert-Tickets/Rock-and-Pop/Ed-Sheeran-Tickets?AffiliateID=49&adposition=&LCID=2057&PCID=PSINGOOCONEDSHFAE27822B47&AdID=678144176112&MetroRegionID=&psc=&psc=&ps=cc-IN&ps_p=0&ps_c=1050101483&ps_ag=153267400045&ps_tg=kwd-330522754304&ps_ad=678144176112&ps_adp=&ps_adp=&ps_fi=&ps_fi=&ps_li=&ps_li=&ps_lp=9301453&ps_n=g&ps_d=m&ps_ex=&gad_source=1&gclid=Cj0KCQjwy4KqBhD0ARIsAEbCt6iBbFb3Rg2TxjNqnifC926yLdhvNb0nP6b3lMs7q8eL52jiITxmgs8aAn3lEALw_wcB
2023-10-31 09:34:33,file:///C:/Users/adithya/Downloads/we/index.html
2023-10-31 06:12:53,https://epaper.eenadu.net/Home/Index?date=17/10/2023&eid=369&pid=2373741
2023-10-31 05:50:02,http://127.0.0.1:5500/index.html
2023-10-31 04:59:18,https://teuder.github.io/rcpp4everyone_en/100_matrix.html
2023-10-31 03:09:17,https://epaper.eenadu.net/Home/Index?date=31/10/2023&eid=3&pid=2392385
2023-10-31 03:09:16,https://epaper.eenadu.net/Home/Index?date=31/10/2023&eid=3&pid=2392514
2023-10-31 03:09:11,https://epaper.eenadu.net/Home/Index?date=31/10/2023&eid=3&pid=2392509
2023-10-31 03:09:10,https://epaper.eenadu.net/Home/Index?date=31/10/2023&eid=3&pid=2392520
2023-10-31 03:06:12,https://epaper.eenadu.net/Home/Index?date=31/10/2023&eid=3&pid=2392373
2023-10-31 03:06:10,https://epaper.eenadu.net/Home/Index?date=31/10/2023&eid=3&pid=2392369
2023-10-31 03:06:08,https://epaper.eenadu.net/Home/Index?date=31/10/2023&eid=3&pid=2392364
2023-10-31 03:06:07,https://epaper.eenadu.net/Home/Index?date=31/10/2023&eid=3&pid=2392361
2023-10-31 03:05:09,https://epaper.eenadu.net/Home/Index?date=31/10/2023&eid=3&pid=2392357
2023-10-31 03:05:02,https://epaper.eenadu.net/Home/Index?date=31/10/2023&eid=3&pid=2392352
2023-10-31 03:04:44,https://epaper.eenadu.net/Home/Index?date=31/10/2023&eid=3&pid=2392348
2023-10-31 03:04:20,https://epaper.eenadu.net/Home/Index?date=31/10/2023&eid=3&pid=2392344
2023-10-31 03:03:52,https://epaper.eenadu.net/Home/Index?date=31/10/2023&eid=3&pid=2392505
2023-10-31 03:00:19,https://epaper.eenadu.net/Home/Index?date=30/10/2023&eid=3&pid=2391528
2023-10-30 19:07:08,https://scholar.google.com/citations?user=sZT_wEAAAAAJ
2023-10-30 19:05:43,https://nwm.iitk.ac.in/?_task=mail&_caps=pdf%3D1%2Cflash%3D0%2Ctiff%3D0%2Cwebp%3D1&_uid=177557&_mbox=INBOX&_framed=1&_action=preview
2023-10-30 19:05:41,https://nwm.iitk.ac.in/?_task=mail&_caps=pdf%3D1%2Cflash%3D0%2Ctiff%3D0%2Cwebp%3D1&_uid=177571&_mbox=INBOX&_framed=1&_action=preview
2023-10-30 19:05:39,https://nwm.iitk.ac.in/?_task=mail&_caps=pdf%3D1%2Cflash%3D0%2Ctiff%3D0%2Cwebp%3D1&_uid=177573&_mbox=INBOX&_framed=1&_action=preview
2023-10-30 19:00:43,https://nwm.iitk.ac.in/?_task=mail&_caps=pdf%3D1%2Cflash%3D0%2Ctiff%3D0%2Cwebp%3D1&_uid=177384&_mbox=INBOX&_framed=1&_search=f32c0638debebc97e76497492d31fdcf&_action=preview
2023-10-30 19:00:35,https://nwm.iitk.ac.in/?_task=mail&_caps=pdf%3D1%2Cflash%3D0%2Ctiff%3D0%2Cwebp%3D1&_uid=176973&_mbox=INBOX&_framed=1&_search=f32c0638debebc97e76497492d31fdcf&_action=preview
2023-10-30 18:05:28,https://github.com/ritwickdey/vscode-live-server
2023-10-30 17:48:19,https://nwm.iitk.ac.in/?_task=mail&_token=RMwZCuoAJ51A4K7M3MlFfIwzfZURSzD8
2023-10-30 15:59:31,https://www-espncricinfo-com.cdn.ampproject.org/v/s/www.espncricinfo.com/story/2025-champions-trophy-qualification-at-stake-during-odi-world-cup-1406055?amp_gsa=1&amp_js_v=a9&platform=amp&usqp=mq331AQIUAKwASCAAgM%3D#amp_tf=From%20%251%24s&aoh=16986815637850&referrer=https%3A%2F%2Fwww.google.com&ampshare=https%3A%2F%2Fwww.espncricinfo.com%2Fstory%2F2025-champions-trophy-qualification-at-stake-during-odi-world-cup-1406055
2023-10-30 15:59:26,https://www-espncricinfo-com.cdn.ampproject.org/v/s/www.espncricinfo.com/story/2025-champions-trophy-qualification-at-stake-during-odi-world-cup-1406055?amp_gsa=1&amp_js_v=a9&platform=amp&usqp=mq331AQIUAKwASCAAgM%3D#amp_tf=From%20%251%24s&aoh=16986815637850&referrer=https%3A%2F%2Fwww.google.com
2023-10-30 15:54:10,https://epaper.eenadu.net/Home/Index?date=30/10/2023&eid=3&pid=2391526
2023-10-30 15:53:52,https://epaper.eenadu.net/Home/Index?date=30/10/2023&eid=3&pid=2391524
2023-10-30 15:34:23,https://epaper.eenadu.net/Home/Index?date=30/10/2023&eid=3&pid=2391522
2023-10-30 15:33:39,https://epaper.eenadu.net/Home/Index?date=30/10/2023&eid=3&pid=2391520
2023-10-30 15:33:38,https://epaper.eenadu.net/Home/Index?date=30/10/2023&eid=3&pid=2391517
2023-10-30 15:33:37,https://epaper.eenadu.net/Home/Index?date=30/10/2023&eid=3&pid=2391514
2023-10-30 15:33:36,https://epaper.eenadu.net/Home/Index?date=30/10/2023&eid=3&pid=2391510
2023-10-30 15:33:33,https://epaper.eenadu.net/Home/Index?date=30/10/2023&eid=3&pid=2391508
2023-10-30 15:33:27,https://epaper.eenadu.net/Home/Index?date=30/10/2023&eid=3&pid=2391504
2023-10-30 15:33:23,https://epaper.eenadu.net/Home/Index?date=30/10/2023&eid=3&pid=2391502
2023-10-30 15:33:02,https://epaper.eenadu.net/Home/Index?date=30/10/2023&eid=3&pid=2391875
2023-10-30 15:30:45,https://epaper.eenadu.net/Home/Index?date=30/10/2023&eid=3&pid=2391491
2023-10-30 15:30:34,https://epaper.eenadu.net/Home/Index?date=30/10/2023&eid=3&pid=2391485
2023-10-30 15:30:33,https://epaper.eenadu.net/Home/Index?date=30/10/2023&eid=3
2023-10-30 15:30:24,https://www.google.com/search?q=eenadu+epapepr&oq=eenadu+epapepr&gs_lcrp=EgZjaHJvbWUyBggAEEUYOTIVCAEQLhgNGIMBGMcBGLEDGNEDGIAEMgQIAhAFMgkIAxAAGA0YgAQyCQgEEAAYDRiABDIJCAUQABgNGIAEMgkIBhAAGA0YgAQyCQgHEAAYDRiABDIJCAgQABgNGIAEMgkICRAAGA0YgATSAQg1NzA3ajBqN6gCALACAA&client=ms-android-oppo-rvo3&sourceid=chrome-mobile&ie=UTF-8
2023-10-30 07:37:43,https://nwm.iitk.ac.in/?_task=mail&_mbox=INBOX&_to=mukuls21%40iitk.ac.in&_action=compose
2023-10-30 07:37:43,https://nwm.iitk.ac.in/?_task=mail&_action=compose&_id=1196137649653f5d46aec07
2023-10-30 06:53:57,https://nwm.iitk.ac.in/?_task=mail&_caps=pdf%3D1%2Cflash%3D0%2Ctiff%3D0%2Cwebp%3D1&_uid=177459&_mbox=INBOX&_framed=1&_action=preview
2023-10-30 06:53:53,https://nwm.iitk.ac.in/?_task=mail&_caps=pdf%3D1%2Cflash%3D0%2Ctiff%3D0%2Cwebp%3D1&_uid=177460&_mbox=INBOX&_framed=1&_action=preview
2023-10-30 06:53:50,https://nwm.iitk.ac.in/?_task=mail&_caps=pdf%3D1%2Cflash%3D0%2Ctiff%3D0%2Cwebp%3D1&_uid=177461&_mbox=INBOX&_framed=1&_action=preview
2023-10-30 06:53:46,https://nwm.iitk.ac.in/?_task=mail&_caps=pdf%3D1%2Cflash%3D0%2Ctiff%3D0%2Cwebp%3D1&_uid=177462&_mbox=INBOX&_framed=1&_action=preview
2023-10-30 06:53:43,https://nwm.iitk.ac.in/?_task=mail&_caps=pdf%3D1%2Cflash%3D0%2Ctiff%3D0%2Cwebp%3D1&_uid=177463&_mbox=INBOX&_framed=1&_action=preview
2023-10-30 06:53:42,https://nwm.iitk.ac.in/?_task=mail&_caps=pdf%3D1%2Cflash%3D0%2Ctiff%3D0%2Cwebp%3D1&_uid=177464&_mbox=INBOX&_framed=1&_action=preview
2023-10-30 06:53:40,https://nwm.iitk.ac.in/?_task=mail&_caps=pdf%3D1%2Cflash%3D0%2Ctiff%3D0%2Cwebp%3D1&_uid=177465&_mbox=INBOX&_framed=1&_action=preview
2023-10-30 06:53:37,https://nwm.iitk.ac.in/?_task=mail&_caps=pdf%3D1%2Cflash%3D0%2Ctiff%3D0%2Cwebp%3D1&_uid=177466&_mbox=INBOX&_framed=1&_action=preview
2023-10-30 06:53:35,https://nwm.iitk.ac.in/?_task=mail&_caps=pdf%3D1%2Cflash%3D0%2Ctiff%3D0%2Cwebp%3D1&_uid=177467&_mbox=INBOX&_framed=1&_action=preview
2023-10-30 06:53:34,https://nwm.iitk.ac.in/?_task=mail&_caps=pdf%3D1%2Cflash%3D0%2Ctiff%3D0%2Cwebp%3D1&_uid=177468&_mbox=INBOX&_framed=1&_action=preview
2023-10-30 06:53:32,https://nwm.iitk.ac.in/?_task=mail&_caps=pdf%3D1%2Cflash%3D0%2Ctiff%3D0%2Cwebp%3D1&_uid=177469&_mbox=INBOX&_framed=1&_action=preview
2023-10-30 06:53:28,https://nwm.iitk.ac.in/?_task=mail&_caps=pdf%3D1%2Cflash%3D0%2Ctiff%3D0%2Cwebp%3D1&_uid=177470&_mbox=INBOX&_framed=1&_action=preview
2023-10-30 06:53:27,https://nwm.iitk.ac.in/?_task=mail&_caps=pdf%3D1%2Cflash%3D0%2Ctiff%3D0%2Cwebp%3D1&_uid=177471&_mbox=INBOX&_framed=1&_action=preview
2023-10-30 06:53:20,https://nwm.iitk.ac.in/?_task=mail&_caps=pdf%3D1%2Cflash%3D0%2Ctiff%3D0%2Cwebp%3D1&_uid=177472&_mbox=INBOX&_framed=1&_action=preview
2023-10-30 06:53:17,https://nwm.iitk.ac.in/?_task=mail&_caps=pdf%3D1%2Cflash%3D0%2Ctiff%3D0%2Cwebp%3D1&_uid=177473&_mbox=INBOX&_framed=1&_action=preview
2023-10-30 06:53:14,https://nwm.iitk.ac.in/?_task=mail&_caps=pdf%3D1%2Cflash%3D0%2Ctiff%3D0%2Cwebp%3D1&_uid=177474&_mbox=INBOX&_framed=1&_action=preview
2023-10-30 06:53:10,https://nwm.iitk.ac.in/?_task=mail&_caps=pdf%3D1%2Cflash%3D0%2Ctiff%3D0%2Cwebp%3D1&_uid=177475&_mbox=INBOX&_framed=1&_action=preview
2023-10-30 06:53:07,https://nwm.iitk.ac.in/?_task=mail&_caps=pdf%3D1%2Cflash%3D0%2Ctiff%3D0%2Cwebp%3D1&_uid=177476&_mbox=INBOX&_framed=1&_action=preview
2023-10-30 06:53:06,https://nwm.iitk.ac.in/?_task=mail&_caps=pdf%3D1%2Cflash%3D0%2Ctiff%3D0%2Cwebp%3D1&_uid=177477&_mbox=INBOX&_framed=1&_action=preview
2023-10-30 06:53:03,https://nwm.iitk.ac.in/?_task=mail&_caps=pdf%3D1%2Cflash%3D0%2Ctiff%3D0%2Cwebp%3D1&_uid=177478&_mbox=INBOX&_framed=1&_action=preview
2023-10-30 06:52:58,https://nwm.iitk.ac.in/?_task=mail&_caps=pdf%3D1%2Cflash%3D0%2Ctiff%3D0%2Cwebp%3D1&_uid=177479&_mbox=INBOX&_framed=1&_action=preview
2023-10-30 06:52:40,https://nwm.iitk.ac.in/?_task=mail&_caps=pdf%3D1%2Cflash%3D0%2Ctiff%3D0%2Cwebp%3D1&_uid=177480&_mbox=INBOX&_framed=1&_action=preview
2023-10-30 06:52:36,https://nwm.iitk.ac.in/?_task=mail&_caps=pdf%3D1%2Cflash%3D0%2Ctiff%3D0%2Cwebp%3D1&_uid=177481&_mbox=INBOX&_framed=1&_action=preview
2023-10-30 06:52:32,https://nwm.iitk.ac.in/?_task=mail&_caps=pdf%3D1%2Cflash%3D0%2Ctiff%3D0%2Cwebp%3D1&_uid=177482&_mbox=INBOX&_framed=1&_action=preview
2023-10-30 06:52:23,https://nwm.iitk.ac.in/?_task=mail&_frame=1&_mbox=INBOX&_uid=177483&_part=2&_action=get&_extwin=1
2023-10-30 06:52:13,https://nwm.iitk.ac.in/?_task=mail&_caps=pdf%3D1%2Cflash%3D0%2Ctiff%3D0%2Cwebp%3D1&_uid=177483&_mbox=INBOX&_framed=1&_action=preview
2023-10-30 06:52:10,https://nwm.iitk.ac.in/?_task=mail&_caps=pdf%3D1%2Cflash%3D0%2Ctiff%3D0%2Cwebp%3D1&_uid=177484&_mbox=INBOX&_framed=1&_action=preview
2023-10-30 06:52:06,https://nwm.iitk.ac.in/?_task=mail&_caps=pdf%3D1%2Cflash%3D0%2Ctiff%3D0%2Cwebp%3D1&_uid=177485&_mbox=INBOX&_framed=1&_action=preview
2023-10-30 06:52:04,https://nwm.iitk.ac.in/?_task=mail&_caps=pdf%3D1%2Cflash%3D0%2Ctiff%3D0%2Cwebp%3D1&_uid=177486&_mbox=INBOX&_framed=1&_action=preview
2023-10-30 06:51:59,https://nwm.iitk.ac.in/?_task=mail&_caps=pdf%3D1%2Cflash%3D0%2Ctiff%3D0%2Cwebp%3D1&_uid=177487&_mbox=INBOX&_framed=1&_action=preview
2023-10-30 06:51:57,https://nwm.iitk.ac.in/?_task=mail&_caps=pdf%3D1%2Cflash%3D0%2Ctiff%3D0%2Cwebp%3D1&_uid=177488&_mbox=INBOX&_framed=1&_action=preview
2023-10-30 06:51:52,https://nwm.iitk.ac.in/?_task=mail&_caps=pdf%3D1%2Cflash%3D0%2Ctiff%3D0%2Cwebp%3D1&_uid=177489&_mbox=INBOX&_framed=1&_action=preview
2023-10-30 06:51:50,https://nwm.iitk.ac.in/?_task=mail&_caps=pdf%3D1%2Cflash%3D0%2Ctiff%3D0%2Cwebp%3D1&_uid=177490&_mbox=INBOX&_framed=1&_action=preview
2023-10-30 06:51:48,https://nwm.iitk.ac.in/?_task=mail&_caps=pdf%3D1%2Cflash%3D0%2Ctiff%3D0%2Cwebp%3D1&_uid=177491&_mbox=INBOX&_framed=1&_action=preview
2023-10-30 06:51:46,https://nwm.iitk.ac.in/?_task=mail&_caps=pdf%3D1%2Cflash%3D0%2Ctiff%3D0%2Cwebp%3D1&_uid=177492&_mbox=INBOX&_framed=1&_action=preview
2023-10-30 06:51:40,https://nwm.iitk.ac.in/?_task=mail&_caps=pdf%3D1%2Cflash%3D0%2Ctiff%3D0%2Cwebp%3D1&_uid=177493&_mbox=INBOX&_framed=1&_action=preview
2023-10-30 06:51:26,https://nwm.iitk.ac.in/?_task=mail&_caps=pdf%3D1%2Cflash%3D0%2Ctiff%3D0%2Cwebp%3D1&_uid=177497&_mbox=INBOX&_framed=1&_action=preview
2023-10-30 06:51:25,https://nwm.iitk.ac.in/?_task=mail&_caps=pdf%3D1%2Cflash%3D0%2Ctiff%3D0%2Cwebp%3D1&_uid=177496&_mbox=INBOX&_framed=1&_action=preview
2023-10-30 06:51:16,https://nwm.iitk.ac.in/?_task=mail&_caps=pdf%3D1%2Cflash%3D0%2Ctiff%3D0%2Cwebp%3D1&_uid=177498&_mbox=INBOX&_framed=1&_action=preview
2023-10-30 06:51:15,https://nwm.iitk.ac.in/?_task=mail&_caps=pdf%3D1%2Cflash%3D0%2Ctiff%3D0%2Cwebp%3D1&_uid=177499&_mbox=INBOX&_framed=1&_action=preview
2023-10-30 06:50:59,https://nwm.iitk.ac.in/?_task=mail&_caps=pdf%3D1%2Cflash%3D0%2Ctiff%3D0%2Cwebp%3D1&_uid=177500&_mbox=INBOX&_framed=1&_action=preview
2023-10-30 06:50:53,https://nwm.iitk.ac.in/?_task=mail&_caps=pdf%3D1%2Cflash%3D0%2Ctiff%3D0%2Cwebp%3D1&_uid=177501&_mbox=INBOX&_framed=1&_action=preview
2023-10-30 06:50:49,https://nwm.iitk.ac.in/?_task=mail&_caps=pdf%3D1%2Cflash%3D0%2Ctiff%3D0%2Cwebp%3D1&_uid=177502&_mbox=INBOX&_framed=1&_action=preview
2023-10-30 06:50:47,https://nwm.iitk.ac.in/?_task=mail&_caps=pdf%3D1%2Cflash%3D0%2Ctiff%3D0%2Cwebp%3D1&_uid=177503&_mbox=INBOX&_framed=1&_action=preview
2023-10-30 06:50:45,https://nwm.iitk.ac.in/?_task=mail&_caps=pdf%3D1%2Cflash%3D0%2Ctiff%3D0%2Cwebp%3D1&_uid=177504&_mbox=INBOX&_framed=1&_action=preview
2023-10-30 06:50:44,https://nwm.iitk.ac.in/?_task=mail&_caps=pdf%3D1%2Cflash%3D0%2Ctiff%3D0%2Cwebp%3D1&_uid=177506&_mbox=INBOX&_framed=1&_action=preview
2023-10-30 06:50:20,https://nwm.iitk.ac.in/?_task=mail&_caps=pdf%3D1%2Cflash%3D0%2Ctiff%3D0%2Cwebp%3D1&_uid=177507&_mbox=INBOX&_framed=1&_action=preview
2023-10-30 06:49:25,https://iusstf.org/khorana-program-for-scholars
2023-10-30 06:48:51,https://nwm.iitk.ac.in/?_task=mail&_caps=pdf%3D1%2Cflash%3D0%2Ctiff%3D0%2Cwebp%3D1&_uid=177508&_mbox=INBOX&_framed=1&_action=preview
2023-10-30 06:48:48,https://nwm.iitk.ac.in/?_task=mail&_caps=pdf%3D1%2Cflash%3D0%2Ctiff%3D0%2Cwebp%3D1&_uid=177510&_mbox=INBOX&_framed=1&_action=preview
2023-10-30 06:48:44,https://nwm.iitk.ac.in/?_task=mail&_caps=pdf%3D1%2Cflash%3D0%2Ctiff%3D0%2Cwebp%3D1&_uid=177511&_mbox=INBOX&_framed=1&_action=preview
2023-10-30 06:48:41,https://nwm.iitk.ac.in/?_task=mail&_caps=pdf%3D1%2Cflash%3D0%2Ctiff%3D0%2Cwebp%3D1&_uid=177513&_mbox=INBOX&_framed=1&_action=preview
2023-10-30 06:48:40,https://nwm.iitk.ac.in/?_task=mail&_caps=pdf%3D1%2Cflash%3D0%2Ctiff%3D0%2Cwebp%3D1&_uid=177514&_mbox=INBOX&_framed=1&_action=preview
2023-10-30 06:48:04,https://nwm.iitk.ac.in/?_task=mail&_caps=pdf%3D1%2Cflash%3D0%2Ctiff%3D0%2Cwebp%3D1&_uid=177516&_mbox=INBOX&_framed=1&_action=preview
2023-10-30 06:48:01,https://nwm.iitk.ac.in/?_task=mail&_caps=pdf%3D1%2Cflash%3D0%2Ctiff%3D0%2Cwebp%3D1&_uid=177518&_mbox=INBOX&_framed=1&_action=preview
2023-10-30 06:47:53,https://nwm.iitk.ac.in/?_task=mail&_caps=pdf%3D1%2Cflash%3D0%2Ctiff%3D0%2Cwebp%3D1&_uid=177520&_mbox=INBOX&_framed=1&_action=preview
2023-10-30 06:47:17,https://nwm.iitk.ac.in/?_task=mail&_caps=pdf%3D1%2Cflash%3D0%2Ctiff%3D0%2Cwebp%3D1&_uid=177521&_mbox=INBOX&_framed=1&_action=preview
2023-10-30 06:47:15,https://nwm.iitk.ac.in/?_task=mail&_caps=pdf%3D1%2Cflash%3D0%2Ctiff%3D0%2Cwebp%3D1&_uid=177523&_mbox=INBOX&_framed=1&_action=preview
2023-10-30 06:47:11,https://nwm.iitk.ac.in/?_task=mail&_caps=pdf%3D1%2Cflash%3D0%2Ctiff%3D0%2Cwebp%3D1&_uid=177526&_mbox=INBOX&_framed=1&_action=preview
2023-10-30 06:47:09,https://nwm.iitk.ac.in/?_task=mail&_caps=pdf%3D1%2Cflash%3D0%2Ctiff%3D0%2Cwebp%3D1&_uid=177527&_mbox=INBOX&_framed=1&_action=preview
2023-10-30 06:47:07,https://nwm.iitk.ac.in/?_task=mail&_caps=pdf%3D1%2Cflash%3D0%2Ctiff%3D0%2Cwebp%3D1&_uid=177529&_mbox=INBOX&_framed=1&_action=preview
2023-10-30 06:46:50,https://nwm.iitk.ac.in/?_task=mail&_caps=pdf%3D1%2Cflash%3D0%2Ctiff%3D0%2Cwebp%3D1&_uid=177531&_mbox=INBOX&_framed=1&_action=preview
2023-10-30 06:46:46,https://nwm.iitk.ac.in/?_task=mail&_caps=pdf%3D1%2Cflash%3D0%2Ctiff%3D0%2Cwebp%3D1&_uid=177533&_mbox=INBOX&_framed=1&_action=preview
2023-10-30 06:46:41,https://nwm.iitk.ac.in/?_task=mail&_caps=pdf%3D1%2Cflash%3D0%2Ctiff%3D0%2Cwebp%3D1&_uid=177535&_mbox=INBOX&_framed=1&_action=preview
2023-10-30 06:46:02,https://nwm.iitk.ac.in/?_task=mail&_caps=pdf%3D1%2Cflash%3D0%2Ctiff%3D0%2Cwebp%3D1&_uid=177537&_mbox=INBOX&_framed=1&_action=preview
2023-10-30 06:43:06,https://www.iitk.ac.in/doaa/data/HSS-Pre-registration_2023-24-II.pdf
2023-10-30 06:43:01,https://nwm.iitk.ac.in/?_task=mail&_caps=pdf%3D1%2Cflash%3D0%2Ctiff%3D0%2Cwebp%3D1&_uid=177539&_mbox=INBOX&_framed=1&_action=preview
2023-10-30 06:42:49,https://docs.google.com/forms/u/0/d/e/1FAIpQLSdPERnW0c6oQ4T8Vs3wGlZUysZ8seb1tRD-4JnDPs8ovHaf0Q/formResponse
2023-10-30 06:42:48,https://docs.google.com/forms/d/e/1FAIpQLSdPERnW0c6oQ4T8Vs3wGlZUysZ8seb1tRD-4JnDPs8ovHaf0Q/viewform?fbzx=-8788620900347134291
2023-10-30 06:42:39,https://careers.google.com/privacy-policy/
2023-10-30 06:42:38,http://www.google.com/about/careers/privacy
2023-10-30 06:42:38,https://www.google.com/about/careers/privacy
2023-10-30 06:41:10,https://docs.google.com/forms/d/e/1FAIpQLSdPERnW0c6oQ4T8Vs3wGlZUysZ8seb1tRD-4JnDPs8ovHaf0Q/viewform
2023-10-30 06:40:55,https://nwm.iitk.ac.in/?_task=mail&_caps=pdf%3D1%2Cflash%3D0%2Ctiff%3D0%2Cwebp%3D1&_uid=177541&_mbox=INBOX&_framed=1&_action=preview
2023-10-30 06:40:52,https://nwm.iitk.ac.in/?_task=mail&_caps=pdf%3D1%2Cflash%3D0%2Ctiff%3D0%2Cwebp%3D1&_uid=177543&_mbox=INBOX&_framed=1&_action=preview
2023-10-30 06:40:51,https://nwm.iitk.ac.in/?_task=mail&_caps=pdf%3D1%2Cflash%3D0%2Ctiff%3D0%2Cwebp%3D1&_uid=177544&_mbox=INBOX&_framed=1&_action=preview
2023-10-30 06:40:42,https://drive.google.com/file/d/1Z4_QrDyvyw9Gauayi6X2m3D_KsyY5Ubf/view?usp=drive_link
2023-10-30 06:40:35,https://docs.google.com/forms/d/e/1FAIpQLSfDVlDP6kXEVB7FBQBa5uLWNUXoovSbUvRecBJ-tzkPwLnyzQ/viewform
2023-10-30 06:40:35,https://docs.google.com/forms/d/e/1FAIpQLSfDVlDP6kXEVB7FBQBa5uLWNUXoovSbUvRecBJ-tzkPwLnyzQ/viewform?usp=sf_link
2023-10-30 06:39:53,https://nwm.iitk.ac.in/?_task=mail&_caps=pdf%3D1%2Cflash%3D0%2Ctiff%3D0%2Cwebp%3D1&_uid=177546&_mbox=INBOX&_framed=1&_action=preview
2023-10-30 06:39:50,https://nwm.iitk.ac.in/?_task=mail&_caps=pdf%3D1%2Cflash%3D0%2Ctiff%3D0%2Cwebp%3D1&_uid=177550&_mbox=INBOX&_framed=1&_action=preview
2023-10-30 06:39:47,https://nwm.iitk.ac.in/?_task=mail&_caps=pdf%3D1%2Cflash%3D0%2Ctiff%3D0%2Cwebp%3D1&_uid=177552&_mbox=INBOX&_framed=1&_action=preview
2023-10-30 06:39:43,https://nwm.iitk.ac.in/?_task=mail&_caps=pdf%3D1%2Cflash%3D0%2Ctiff%3D0%2Cwebp%3D1&_uid=177554&_mbox=INBOX&_framed=1&_action=preview
2023-10-30 06:39:39,https://nwm.iitk.ac.in/?_task=mail&_caps=pdf%3D1%2Cflash%3D0%2Ctiff%3D0%2Cwebp%3D1&_uid=177555&_mbox=INBOX&_framed=1&_action=preview
